item1id,item2id,item1v,item2v,chosenid,rt,columbiaid,trial,pair,pair_tag,delta,chose_r,sigma,absdelta,bin,rt_keep,pfit,gfit,score,curvature,loglik,rt_used,g_used
famousAmos,fruitSnacks,1.833333,2.166667,fruitSnacks,4859,ts3686,1,famousAmos|fruitSnacks,1,.3333339999999998,1,1,.3333339999999998,9,1,.5676414590302225,.4058479424854499,.2882396037912395,-.1090780509865672,-.5662652936748318,4859,.4058479424854499
riceKrispies,raisins,.9666670000000001,4.566667,raisins,1806,ts3686,2,raisins|riceKrispies,1,3.6,1,1,3.6,14,1,.9497949166896155,.2498860648275641,.3614765998347686,-2.471966186582228,-.0515091948612064,1806,.2498860648275641
kindBar2,lays,1.666667,2.033333,kindBar2,14151,ts3686,3,kindBar2|lays,1,.3666659999999999,0,-1,.3666659999999999,9,0,.5743098000423356,.4053269190071375,-.421159754284646,-.1314743862999646,-.8540434274192088,,
stringCheese,pretzelStx,.7,3.433333,pretzelStx,2113,ts3686,4,pretzelStx|stringCheese,1,2.733333,1,1,2.733333,12,1,.9031145898483482,.2949619309819538,.5296401775720895,-2.61484723326871,-.1019058345592918,2113,.2949619309819538
reeses,russetChips,.466667,2.966667,russetChips,1179,ts3686,5,reeses|russetChips,1,2.5,1,1,2.5,12,1,.8851120362625994,.3080896290100795,.5744398186870031,-2.542217988141859,-.1220410473396287,1179,.3080896290100795
tostitos,riceKrispies,4.266667,.9666670000000001,tostitos,2914,ts3686,6,riceKrispies|tostitos,1,-3.3,0,-1,3.3,3,1,.0632619887291442,.2646897038005187,.4175291256123514,-2.581361658306904,-.0653516396065651,2914,.2646897038005187
twizzlers,chesapeake,5,1.033333,twizzlers,2949,ts3686,7,chesapeake|twizzlers,1,-3.966667,0,-1,3.966667,2,1,.0377028450553203,.2330909829056383,.2991092625741044,-2.283467331536445,-.0384319831401247,2949,.2330909829056383
beefJerky,animalCookies,2.5,2.533333,animalCookies,2294,ts3686,8,animalCookies|beefJerky,1,.0333329999999998,1,1,.0333329999999998,8,1,.5068053676801957,.4083261440731856,.0328793133582319,-.0011108830574311,-.6796282392727804,2294,.4083261440731856
russetChips,skittles,2.966667,4.333333,skittles,1687,ts3686,9,russetChips|skittles,1,1.366665999999999,1,1,1.366665999999999,10,1,.7532757122170068,.3706475645358953,.674379390974464,-1.388515206519924,-.2833239665168004,1687,.3706475645358953
miniBagels,twizzlers,1.066667,5,twizzlers,1113,ts3686,10,miniBagels|twizzlers,1,3.933333,1,1,3.933333,14,1,.9612969059506564,.2345577686662463,.3044643140527735,-2.30242054904065,-.0394719625250788,1113,.2345577686662463
haribo,jellyBean,4.366667,2.666667,haribo,2500,ts3686,11,haribo|jellyBean,1,-1.7,0,-1,1.7,5,1,.1996641689538997,.3533362718189416,.6788581744432588,-1.847269372098646,-.2227238505932549,2500,.3533362718189416
stringCheese,beefJerky,.7,2.5,stringCheese,3321,ts3686,12,beefJerky|stringCheese,1,1.8,0,-1,1.8,11,1,.8130672504171615,.3478525004635127,-2.927042101501782,-1.969776101442448,-1.67700635470843,3321,.3478525004635127
redVines,pringles,1.766667,4.133333,pringles,4046,ts3686,13,pringles|redVines,1,2.366666,1,1,2.366666,12,1,.8735659242066172,.3156896023406912,.5984544568432445,-2.474535894203206,-.1351716809260011,4046,.3156896023406912
riceKrispies,goldfish,.9666670000000001,3.3,goldfish,3204,ts3686,14,goldfish|riceKrispies,1,2.333333,1,1,2.333333,12,1,.8705284656319483,.3175958730553662,.6042004074032182,-2.454543366108532,-.1386548199846449,3204,.3175958730553662
doritos,lindtChoc,1.766667,2.633333,lindtChoc,1232,ts3686,15,doritos|lindtChoc,1,.8666659999999999,1,1,.8666659999999999,9,1,.6699167336873978,.3921158409061803,.5721438881641554,-.6643666811957541,-.4006018523987964,1232,.3921158409061803
beefJerky,pringles,2.5,4.133333,pringles,1552,ts3686,16,beefJerky|pringles,1,1.633333,1,1,1.633333,11,1,.7914928492477626,.3569300923299323,.6811232201192083,-1.761073223988375,-.2338344341330084,1552,.3569300923299323
animalCookies,kindBar1,2.533333,3.666667,kindBar1,2081,ts3686,17,animalCookies|kindBar1,1,1.133334,1,1,1.133334,10,1,.7161811516675451,.3814959255921823,.6433231013120289,-1.044335274723007,-.3338221388996203,2081,.3814959255921823
twizzlers,russetChips,5,2.966667,twizzlers,3607,ts3686,18,russetChips|twizzlers,1,-2.033333,0,-1,2.033333,5,1,.1596776333127017,.334743366371665,.6493556023532311,-2.219049651691877,-.1739696908997662,3607,.334743366371665
goldfish,raisins,3.3,4.566667,goldfish,5805,ts3686,19,goldfish|raisins,1,1.266667,0,-1,1.266667,10,0,.7377855245086782,.3754507293687736,-1.869057153945668,-1.241571391318315,-1.338592501352933,,
animalCookies,pretzelStx,2.533333,3.433333,animalCookies,1243,ts3686,20,animalCookies|pretzelStx,1,.9000000000000004,0,-1,.9000000000000004,9,1,.6759086362145856,.3909080804768568,-1.216635545186255,-.7097419315246042,-1.126729815948647,1243,.3909080804768568
twizzlers,reeses,5,.466667,twizzlers,11589,ts3686,21,reeses|twizzlers,1,-4.533333,0,-1,4.533333,1,0,.0240709210180023,.2099687267544642,.2182430011826072,-1.931106390995113,-.0243653601867335,,
redVines,kindBar2,1.766667,1.666667,kindBar2,2059,ts3686,22,kindBar2|redVines,1,-.1000000000000001,1,1,.1000000000000001,8,1,.4795937731919138,.4081245361617233,-.1040812453616173,-.0099833434362983,-.7348158392493552,2059,.4081245361617233
sunChips,pistachios,1.9,4.2,pistachios,3451,ts3686,23,pistachios|sunChips,1,2.3,1,1,2.3,12,1,.8674291091164915,.3195035731447752,.6098260980641391,-2.433312181214907,-.1422214890979736,3451,.3195035731447752
tostitos,fruitSnacks,4.266667,2.166667,tostitos,2107,ts3686,24,fruitSnacks|tostitos,1,-2.1,0,-1,2.1,5,1,.1525065302496681,.3309461616669828,.6405274270486059,-2.279939808802638,-.1654721450665607,2107,.3309461616669828
lays,stringCheese,2.033333,.7,lays,2913,ts3686,25,lays|stringCheese,1,-1.333333,0,-1,1.333333,6,1,.2518185592417668,.3722722542054135,.6715159900990052,-1.339775134294706,-.2901097625638856,2913,.3722722542054135
fruitSnacks,haribo,2.166667,4.366667,fruitSnacks,9422,ts3686,26,fruitSnacks|haribo,1,2.2,0,-1,2.2,12,0,.857752364755625,.3252294225051137,-3.77411040492475,-2.362176433107639,-1.950185830055001,,
skittles,famousAmos,4.333333,1.833333,skittles,1533,ts3686,27,famousAmos|skittles,1,-2.5,0,-1,2.5,4,1,.1148879637374007,.3080896290100796,.5744398186870031,-2.542217988141859,-.1220410473396287,1533,.3080896290100796
kindBar1,riceKrispies,3.666667,.9666670000000001,kindBar1,1358,ts3686,28,kindBar1|riceKrispies,1,-2.7,0,-1,2.7,4,1,.0992936782991988,.2968194975561491,.5361858628156733,-2.607908379721247,-.1045760215640215,1358,.2968194975561491
skittles,cheetos,4.333333,.333333,skittles,1316,ts3686,29,cheetos|skittles,1,-4,0,-1,4,2,1,.0367274878992248,.2316362560503877,.2938199031937982,-2.264229090037573,-.0374189247645132,1316,.2316362560503877
peanuts,fruitSnacks,3.833333,2.166667,peanuts,1735,ts3686,30,fruitSnacks|peanuts,1,-1.666666,0,-1,1.666666,5,1,.2040501052557388,.3551400157491197,.6801667454523224,-1.804594776332876,-.2282190414201349,1735,.3551400157491197
goldfish,skittles,3.3,4.333333,skittles,3299,ts3686,31,goldfish|skittles,1,1.033333,1,1,1.033333,10,1,.6992914057527544,.3857254258845009,.621464227638578,-.8981412032424949,-.3576877341336869,3299,.3857254258845009
cheetos,pretzelStx,.333333,3.433333,pretzelStx,1713,ts3686,32,cheetos|pretzelStx,1,3.1,1,1,3.1,13,1,.9263397961990527,.2750579330316469,.4566932635658732,-2.622929497121966,-.0765141611069071,1713,.2750579330316469
animalCookies,lindtChoc,2.533333,2.633333,animalCookies,3612,ts3686,33,animalCookies|lindtChoc,1,.1000000000000001,0,-1,.1000000000000001,8,1,.5204062268080862,.4081245361617233,-.1040812453616173,-.0099833434362983,-.7348158392493552,3612,.4081245361617233
kindBar1,goldfish,3.666667,3.3,kindBar1,3086,ts3686,34,goldfish|kindBar1,1,-.3666670000000001,0,-1,.3666670000000001,7,1,.4256900002917846,.4053269026567179,.3121729506739757,-.1314750874770529,-.5545859592693667,3086,.4053269026567179
haribo,reeses,4.366667,.466667,haribo,2100,ts3686,35,haribo|reeses,1,-3.899999999999999,0,-1,3.899999999999999,2,1,.0397287527279556,.2360365370625869,.3098842712780538,-2.321069054383289,-.0405394851880618,2100,.2360365370625869
riceKrispies,pistachios,.9666670000000001,4.2,pistachios,2382,ts3686,36,pistachios|riceKrispies,1,3.233333,1,1,3.233333,13,1,.9334337230052318,.2681033614571909,.43046188018865,-2.598355774616469,-.0688853169084042,2382,.2681033614571909
sunChips,stringCheese,1.9,.7,stringCheese,3968,ts3686,37,stringCheese|sunChips,1,-1.2,1,1,1.2,6,1,.2728831985991169,.3785280023348052,-1.745080323362119,-1.142887441083447,-1.298711419307797,3968,.3785280023348052
beefJerky,pistachios,2.5,4.2,pistachios,2631,ts3686,38,beefJerky|pistachios,1,1.7,1,1,1.7,11,1,.8003358310461004,.3533362718189416,.6788581744432587,-1.847269372098646,-.2227238505932548,2631,.3533362718189416
raisins,chesapeake,4.566667,1.033333,raisins,2728,ts3686,39,chesapeake|raisins,1,-3.533334,0,-1,3.533334,2,1,.0528658335062394,.2530947634691544,.3735852939318694,-2.500437270056775,-.0543145205472519,2728,.2530947634691544
miniBagels,riceKrispies,1.066667,.9666670000000001,miniBagels,1936,ts3686,40,miniBagels|riceKrispies,1,-.1,0,-1,.1,8,1,.4795937731919139,.4081245361617232,.0959187546383828,-.0099833434362983,-.6531455669886114,1936,.4081245361617232
reeses,jellyBean,.466667,2.666667,reeses,1961,ts3686,41,jellyBean|reeses,1,2.2,0,-1,2.2,12,1,.857752364755625,.3252294225051137,-3.77411040492475,-2.362176433107639,-1.950185830055001,1961,.3252294225051137
pringles,haribo,4.133333,4.366667,pringles,4568,ts3686,42,haribo|pringles,1,.2333339999999993,0,-1,.2333339999999993,8,1,.5474974766113064,.4071200648967282,-.2554995524152444,-.0539534438421267,-.7929619393081061,4568,.4071200648967282
lays,cheetos,2.033333,.333333,lays,2071,ts3686,43,cheetos|lays,1,-1.7,0,-1,1.7,5,1,.1996641689538997,.3533362718189416,.6788581744432588,-1.847269372098646,-.2227238505932549,2071,.3533362718189416
famousAmos,reeses,1.833333,.466667,famousAmos,1670,ts3686,44,famousAmos|reeses,1,-1.366666,0,-1,1.366666,6,1,.246724287782993,.3706475645358954,.674379390974464,-1.388515206519925,-.2833239665168002,1670,.3706475645358954
russetChips,miniBagels,2.966667,1.066667,russetChips,1318,ts3686,45,miniBagels|russetChips,1,-1.9,0,-1,1.9,5,1,.1748357965571876,.342278108887171,.6643760269173129,-2.083233397143355,-.1921728779760532,1318,.342278108887171
reeses,kindBar2,.466667,1.666667,kindBar2,3432,ts3686,46,kindBar2|reeses,1,1.2,1,1,1.2,10,1,.7271168014008831,.3785280023348052,.6549196766378805,-1.142887441083447,-.318668152178873,3432,.3785280023348052
riceKrispies,lindtChoc,.9666670000000001,2.633333,lindtChoc,2121,ts3686,47,lindtChoc|riceKrispies,1,1.666666,1,1,1.666666,11,1,.7959498947442611,.3551400157491197,.6801667454523224,-1.804594776332876,-.228219041420135,2121,.3551400157491197
tostitos,redVines,4.266667,1.766667,tostitos,1974,ts3686,48,redVines|tostitos,1,-2.5,0,-1,2.5,4,1,.1148879637374007,.3080896290100795,.5744398186870032,-2.542217988141859,-.1220410473396287,1974,.3080896290100795
sunChips,skittles,1.9,4.333333,skittles,2239,ts3686,49,skittles|sunChips,1,2.433333,1,1,2.433333,12,1,.8794582244687318,.3118835148898501,.5866365605576549,-2.510821749439965,-.1284492151154411,2239,.3118835148898501
miniBagels,pringles,1.066667,4.133333,pringles,3156,ts3686,50,miniBagels|pringles,1,3.066666000000001,1,1,3.066666000000001,13,1,.9244604892221809,.2768221183671002,.4633088987179426,-2.626972158760284,-.078544966523955,3156,.2768221183671002
skittles,animalCookies,4.333333,2.533333,skittles,2336,ts3686,51,animalCookies|skittles,1,-1.8,0,-1,1.8,5,1,.1869327495828386,.3478525004635127,.6729578984982189,-1.969776101442449,-.2069414540150442,2336,.3478525004635127
doritos,kindBar1,1.766667,3.666667,kindBar1,1841,ts3686,52,doritos|kindBar1,1,1.9,1,1,1.9,11,1,.8251642034428125,.342278108887171,.6643760269173125,-2.083233397143354,-.1921728779760532,1841,.342278108887171
riceKrispies,beefJerky,.9666670000000001,2.5,beefJerky,5636,ts3686,53,beefJerky|riceKrispies,1,1.533333,1,1,1.533333,10,0,.7776938126449181,.3622093995823714,.6817388263514595,-1.625897452296859,-.2514223892793045,,
twizzlers,cheezIts,5,1.133333,twizzlers,3916,ts3686,54,cheezIts|twizzlers,1,-3.866667,0,-1,3.866667,2,1,.0407804390021755,.2375273386603111,.3153687554704499,-2.339394467290336,-.0416352824431724,3916,.2375273386603111
kindBar1,miniBagels,3.666667,1.066667,kindBar1,1661,ts3686,55,kindBar1|miniBagels,1,-2.6,0,-1,2.6,4,1,.1068405982353814,.3024303090497067,.555571110823983,-2.580310517102517,-.1129902126189738,1661,.3024303090497067
skittles,kindBar2,4.333333,1.666667,skittles,1449,ts3686,56,kindBar2|skittles,1,-2.666666,0,-1,2.666666,4,1,.1017551383764944,.2986837208885595,.5426939356677857,-2.599850225492352,-.1073125734351454,1449,.2986837208885595
goldfish,cheezIts,3.3,1.133333,goldfish,1072,ts3686,57,cheezIts|goldfish,1,-2.166667,0,-1,2.166667,5,1,.1456016787398864,.3271368616036646,.630940704940627,-2.335990635552212,-.1573577755954197,1072,.3271368616036646
pringles,reeses,4.133333,.466667,pringles,1428,ts3686,58,pringles|reeses,1,-3.666666,0,-1,3.666666,2,1,.0476715089958527,.2467246763158397,.3495910024075745,-2.44145301590321,-.048845250132281,1428,.2467246763158397
doritos,riceKrispies,1.766667,.9666670000000001,riceKrispies,3116,ts3686,59,doritos|riceKrispies,1,-.7999999999999999,1,1,.7999999999999999,7,1,.3422322786467588,.394419303383103,-1.052428354165186,-.5762799260134553,-1.072265595126373,3116,.394419303383103
pistachios,miniBagels,4.2,1.066667,pistachios,5272,ts3686,60,miniBagels|pistachios,1,-3.133333,0,-1,3.133333,3,1,.0718240730652868,.2733038122246905,.4500974766597484,-2.618022815173966,-.0745339877250102,5272,.2733038122246905
famousAmos,sunChips,1.833333,1.9,sunChips,3178,ts3686,61,famousAmos|sunChips,1,.0666669999999998,1,1,.0666669999999998,8,1,.5136084184343013,.4082505117764806,.0648525351364807,-.004441196606259,-.6662941357081991,3178,.4082505117764806
pistachios,chesapeake,4.2,1.033333,pistachios,1894,ts3686,62,chesapeake|pistachios,1,-3.166667,0,-1,3.166667,3,1,.0700301983346244,.2715598461507797,.4435246361394199,-2.612275555036813,-.0726031646895934,1894,.2715598461507797
redVines,animalCookies,1.766667,2.533333,animalCookies,2412,ts3686,63,animalCookies|redVines,1,.7666659999999998,1,1,.7666659999999998,9,1,.6516132980597902,.3955132953849269,.5341924784593857,-.5337328173385053,-.4283039941448294,2412,.3955132953849269
raisins,redVines,4.566667,1.766667,raisins,2283,ts3686,64,raisins|redVines,1,-2.8,0,-1,2.8,4,1,.0922248060851173,.2912679956534877,.5164589140766566,-2.625440108900037,-.0967585148289531,2283,.2912679956534877
russetChips,chesapeake,2.966667,1.033333,russetChips,1776,ts3686,65,chesapeake|russetChips,1,-1.933334,0,-1,1.933334,5,1,.1709429434814569,.3404037341903086,.6609796093855582,-2.118894660240153,-.1874663004992482,1776,.3404037341903086
tostitos,chesapeake,4.266667,1.033333,tostitos,1173,ts3686,66,chesapeake|tostitos,1,-3.233334,0,-1,3.233334,3,1,.0665662262487929,.2681033099278993,.430461685163829,-2.598355542280924,-.0688852625435652,1173,.2681033099278993
stringCheese,pistachios,.7,4.2,pistachios,1860,ts3686,67,pistachios|stringCheese,1,3.5,1,1,3.5,14,1,.9457543228592959,.2547167559195977,.3797197399849284,-2.513851098960277,-.0557724446528034,1860,.2547167559195977
lays,cheezIts,2.033333,1.133333,lays,2259,ts3686,68,cheezIts|lays,1,-.8999999999999999,0,-1,.8999999999999999,7,1,.3240913637854145,.3909080804768568,.5833644548137461,-.7097419315246036,-.3916973656019538,2259,.3909080804768568
stringCheese,raisins,.7,4.566667,raisins,3452,ts3686,69,raisins|stringCheese,1,3.866667,1,1,3.866667,14,1,.9592195609978243,.2375273386603111,.315368755470451,-2.339394467290343,-.0416352824431726,3452,.2375273386603111
stringCheese,miniBagels,.7,1.066667,miniBagels,2590,ts3686,70,miniBagels|stringCheese,1,.3666670000000001,1,1,.3666670000000001,9,1,.5743099997082154,.4053269026567179,.3121729506739757,-.1314750874770529,-.5545859592693667,2590,.4053269026567179
riceKrispies,twizzlers,.9666670000000001,5,twizzlers,1302,ts3686,71,riceKrispies|twizzlers,1,4.033333,1,1,4.033333,14,1,.9642235752491555,.2301935274122695,.288596469139196,-2.244723403325591,-.0364320867296092,1302,.2301935274122695
pistachios,skittles,4.2,4.333333,skittles,748,ts3686,72,pistachios|skittles,1,.1333329999999995,1,1,.1333329999999995,8,1,.527196487179458,.4079483275626907,.1260806215498022,-.017725091895815,-.6401819589809513,748,.4079483275626907
lindtChoc,kindBar2,2.633333,1.666667,kindBar2,2353,ts3686,73,kindBar2|lindtChoc,1,-.966666,1,1,.966666,6,1,.3122806019861694,.3883852292598077,-1.329589919200875,-.8027293844278766,-1.163853130019053,2353,.3883852292598077
beefJerky,russetChips,2.5,2.966667,russetChips,1285,ts3686,74,beefJerky|russetChips,1,.4666670000000002,1,1,.4666670000000002,9,1,.5941451844907077,.4034790739036943,.3787980983785499,-.2100571450168401,-.5206315711502622,1285,.4034790739036943
twizzlers,reeses,5,.466667,twizzlers,1781,ts3686,75,reeses|twizzlers,0,-4.533333,0,-1,4.533333,1,1,.0240709210180023,.2099687267544642,.2182430011826072,-1.931106390995113,-.0243653601867335,1781,.2099687267544642
tostitos,miniBagels,4.266667,1.066667,tostitos,3539,ts3686,76,miniBagels|tostitos,1,-3.2,0,-1,3.2,3,1,.0682778834707343,.2698263228307911,.4369784542126994,-2.605711937515157,-.0707206669849499,3539,.2698263228307911
famousAmos,animalCookies,1.833333,2.533333,animalCookies,1814,ts3686,77,animalCookies|famousAmos,1,.6999999999999997,1,1,.6999999999999997,9,1,.6391534818612667,.3975813767464765,.5051851253942263,-.4520471646323364,-.447610662739564,1814,.3975813767464765
russetChips,raisins,2.966667,4.566667,russetChips,3749,ts3686,78,raisins|russetChips,1,1.6,0,-1,1.6,11,1,.7869645059123465,.3587056323904331,-2.518286418919508,-1.716750052827984,-1.546296488246261,3749,.3587056323904331
russetChips,pringles,2.966667,4.133333,russetChips,1620,ts3686,79,pringles|russetChips,1,1.166666,0,-1,1.166666,10,1,.7216818081337314,.3800261739584961,-1.683923256736296,-1.093554485909642,-1.278990244759623,1620,.3800261739584961
stringCheese,raisins,.7,4.566667,raisins,2220,ts3686,80,raisins|stringCheese,0,3.866667,1,1,3.866667,14,1,.9592195609978243,.2375273386603111,.315368755470451,-2.339394467290343,-.0416352824431726,2220,.2375273386603111
redVines,twizzlers,1.766667,5,twizzlers,2566,ts3686,81,redVines|twizzlers,1,3.233333,1,1,3.233333,13,1,.9334337230052318,.2681033614571909,.43046188018865,-2.598355774616469,-.0688853169084042,2566,.2681033614571909
cheezIts,lindtChoc,1.133333,2.633333,cheezIts,4462,ts3686,82,cheezIts|lindtChoc,1,1.5,0,-1,1.5,10,1,.7729517511194848,.3639356681593131,-2.318855253358454,-1.579476074047262,-1.482592733951886,4462,.3639356681593131
pretzelStx,jellyBean,3.433333,2.666667,pretzelStx,10097,ts3686,83,jellyBean|pretzelStx,1,-.7666660000000003,0,-1,.7666660000000003,7,0,.3483867019402098,.395513295384927,.5341924784593859,-.5337328173385059,-.4283039941448292,,
twizzlers,tostitos,5,4.266667,twizzlers,2628,ts3686,84,tostitos|twizzlers,1,-.733333,0,-1,.733333,7,1,.3545919506866732,.3965675874761583,.5200679579458203,-.4922953107266289,-.4378725276209653,2628,.3965675874761583
lays,kindBar1,2.033333,3.666667,kindBar1,3694,ts3686,85,kindBar1|lays,1,1.633334,1,1,1.633334,11,1,.791492984029748,.3569300388404919,.6811231968455113,-1.761074541911883,-.2338342638447057,3694,.3569300388404919
chesapeake,famousAmos,1.033333,1.833333,chesapeake,8416,ts3686,86,chesapeake|famousAmos,1,.8,0,-1,.8,9,0,.6577677213532411,.3944193033831029,-1.052428354165186,-.5762799260134557,-1.072265595126373,,
pretzelStx,haribo,3.433333,4.366667,pretzelStx,1406,ts3686,87,haribo|pretzelStx,1,.9333339999999994,0,-1,.9333339999999994,10,1,.6818434261596532,.3896642062962526,-1.272775304622587,-.7558919562721148,-1.145211646809446,1406,.3896642062962526
doritos,sunChips,1.766667,1.9,sunChips,1271,ts3686,88,doritos|sunChips,1,.1333329999999999,1,1,.1333329999999999,8,1,.5271964871794581,.4079483275626908,.1260806215498025,-.0177250918958151,-.6401819589809511,1271,.4079483275626908
goldfish,redVines,3.3,1.766667,goldfish,1209,ts3686,89,goldfish|redVines,1,-1.533333,0,-1,1.533333,6,1,.2223061873550818,.3622093995823714,.6817388263514593,-1.625897452296859,-.2514223892793045,1209,.3622093995823714
peanuts,kindBar2,3.833333,1.666667,peanuts,1485,ts3686,90,kindBar2|peanuts,1,-2.166666,0,-1,2.166666,5,1,.145601780339229,.3271369188059175,.6309408540009519,-2.335989831502203,-.1573578945087487,1485,.3271369188059175
cheezIts,fruitSnacks,1.133333,2.166667,fruitSnacks,2494,ts3686,91,cheezIts|fruitSnacks,1,1.033334,1,1,1.033334,10,1,.6992915774913725,.3857253849991823,.6214644741290601,-.8981426492148471,-.3576874885442294,2494,.3857253849991823
redVines,stringCheese,1.766667,.7,redVines,2527,ts3686,92,redVines|stringCheese,1,-1.066667,0,-1,1.066667,6,1,.2950150999286938,.3843465675253967,.6293657431912801,-.9465460996825142,-.3495788947378171,2527,.3843465675253967
miniBagels,raisins,1.066667,4.566667,raisins,1701,ts3686,93,miniBagels|raisins,1,3.5,1,1,3.5,14,1,.9457543228592959,.2547167559195977,.3797197399849284,-2.513851098960277,-.0557724446528034,1701,.2547167559195977
peanuts,skittles,3.833333,4.333333,peanuts,2174,ts3686,94,peanuts|skittles,1,.4999999999999996,0,-1,.4999999999999996,9,1,.6006925004130429,.4027700016521717,-.6006925004130423,-.2398610203605689,-.9180234832537326,2174,.4027700016521717
jellyBean,goldfish,2.666667,3.3,goldfish,2913,ts3686,95,goldfish|jellyBean,1,.6333329999999999,1,1,.6333329999999999,9,1,.6265032796256591,.3994842511780029,.4730955968096848,-.3754346635078243,-.4676012698222711,2913,.3994842511780029
jellyBean,cheezIts,2.666667,1.133333,jellyBean,1673,ts3686,96,cheezIts|jellyBean,1,-1.533334,0,-1,1.533334,6,1,.2223060461585274,.3622093475282915,.6817388379608788,-1.625898835547563,-.2514222077212936,1673,.3622093475282915
beefJerky,skittles,2.5,4.333333,skittles,943,ts3686,97,beefJerky|skittles,1,1.833333,1,1,1.833333,11,1,.8171696504465313,.3460033179422739,.6703778264758186,-2.008645153262341,-.2019085551931616,943,.3460033179422739
tostitos,russetChips,4.266667,2.966667,russetChips,2306,ts3686,98,russetChips|tostitos,1,-1.3,1,1,1.3,6,1,.2569821312944217,.3738736441624281,-1.931846458634503,-1.290770052711036,-1.358748724541373,2306,.3738736441624281
peanuts,twizzlers,3.833333,5,peanuts,658,ts3686,99,peanuts|twizzlers,1,1.166667,0,-1,1.166667,10,1,.7216819721743041,.3800261294341987,-1.683925082861357,-1.093555964603593,-1.278990834159187,658,.3800261294341987
pistachios,raisins,4.2,4.566667,raisins,2512,ts3686,100,pistachios|raisins,1,.3666669999999996,1,1,.3666669999999996,9,1,.5743099997082154,.405326902656718,.3121729506739753,-.1314750874770526,-.5545859592693667,2512,.405326902656718
pistachios,tostitos,4.2,4.266667,tostitos,1317,ts3686,101,pistachios|tostitos,1,.0666669999999998,1,1,.0666669999999998,8,1,.5136084184343013,.4082505117764806,.0648525351364807,-.004441196606259,-.6662941357081991,1317,.4082505117764806
kindBar2,pringles,1.666667,4.133333,pringles,3566,ts3686,102,kindBar2|pringles,1,2.466666,1,1,2.466666,12,1,.8823145084797875,.3099848203849143,.5805816012523929,-2.527126796356878,-.1252067009588829,3566,.3099848203849143
reeses,raisins,.466667,4.566667,raisins,1949,ts3686,103,raisins|reeses,1,4.1,1,1,4.1,15,1,.9660550643404244,.2273439338245973,.2783484724085197,-2.204979601657705,-.0345344439713958,1949,.2273439338245973
animalCookies,kindBar2,2.533333,1.666667,kindBar2,1462,ts3686,104,animalCookies|kindBar2,1,-.8666659999999999,1,1,.8666659999999999,7,1,.3300832663126021,.3921158409061803,-1.161188111835845,-.664366681195754,-1.108410334190093,1462,.3921158409061803
lays,famousAmos,2.033333,1.833333,lays,1597,ts3686,105,famousAmos|lays,1,-.1999999999999997,0,-1,.1999999999999997,8,1,.4592554128649393,.4074458713506077,.1837021651459755,-.0397343805790708,-.6148082241203617,1597,.4074458713506077
lays,skittles,2.033333,4.333333,skittles,880,ts3686,106,lays|skittles,1,2.3,1,1,2.3,12,1,.8674291091164915,.3195035731447752,.609826098064139,-2.433312181214906,-.1422214890979736,880,.3195035731447752
riceKrispies,skittles,.9666670000000001,4.333333,skittles,868,ts3686,107,riceKrispies|skittles,1,3.366665999999999,1,1,3.366665999999999,13,1,.9398887942467206,.2613201275366909,.4047487052571405,-2.56148589465914,-.0619937147094073,868,.2613201275366909
kindBar1,stringCheese,3.666667,.7,kindBar1,1233,ts3686,108,kindBar1|stringCheese,1,-2.966667,0,-1,2.966667,3,1,.08144416370793,.2821724421999975,.483235425629827,-2.633680704310283,-.0849525854374911,1233,.2821724421999975
miniBagels,lindtChoc,1.066667,2.633333,lindtChoc,4587,ts3686,109,lindtChoc|miniBagels,1,1.566666,1,1,1.566666,11,1,.782364719341022,.3604657525484335,.6819235892177568,-1.671673222119224,-.2454342541450353,4587,.3604657525484335
kindBar2,haribo,1.666667,4.366667,kindBar2,2151,ts3686,110,haribo|kindBar2,1,2.7,0,-1,2.7,12,1,.9007063217008012,.2968194975561491,-4.863814137184326,-2.607908379721247,-2.309673372604101,2151,.2968194975561491
chesapeake,kindBar1,1.033333,3.666667,kindBar1,1489,ts3686,111,chesapeake|kindBar1,1,2.633334,1,1,2.633334,12,1,.8957295991229172,.3005540498265067,.549157583646504,-2.590656621071899,-.1101166982471473,1489,.3005540498265067
sunChips,animalCookies,1.9,2.533333,sunChips,2585,ts3686,112,animalCookies|sunChips,1,.6333329999999999,0,-1,.6333329999999999,9,1,.6265032796256591,.3994842511780029,-.793570403190315,-.3754346635078243,-.9848460552394069,2585,.3994842511780029
beefJerky,pretzelStx,2.5,3.433333,pretzelStx,1086,ts3686,113,beefJerky|pretzelStx,1,.9333330000000002,1,1,.9333330000000002,9,1,.6818432489898812,.3896642441441183,.5938923897810544,-.7558905610231901,-.3829554877467695,1086,.3896642441441183
fruitSnacks,animalCookies,2.166667,2.533333,fruitSnacks,1419,ts3686,114,animalCookies|fruitSnacks,1,.3666659999999999,0,-1,.3666659999999999,9,1,.5743098000423356,.4053269190071375,-.421159754284646,-.1314743862999646,-.8540434274192088,1419,.4053269190071375
cheetos,goldfish,.333333,3.3,goldfish,1058,ts3686,115,cheetos|goldfish,1,2.966667,1,1,2.966667,13,1,.91855583629207,.2821724421999975,.4832354256298268,-2.633680704310283,-.0849525854374911,1058,.2821724421999975
reeses,lays,.466667,2.033333,lays,4174,ts3686,116,lays|reeses,1,1.566666,1,1,1.566666,11,1,.782364719341022,.3604657525484335,.6819235892177568,-1.671673222119224,-.2454342541450353,4174,.3604657525484335
animalCookies,peanuts,2.533333,3.833333,peanuts,1226,ts3686,117,animalCookies|peanuts,1,1.3,1,1,1.3,10,1,.7430178687055784,.3738736441624282,.6681535413654963,-1.290770052711037,-.297035185151705,1226,.3738736441624282
miniBagels,twizzlers,1.066667,5,twizzlers,761,ts3686,118,miniBagels|twizzlers,0,3.933333,1,1,3.933333,14,1,.9612969059506564,.2345577686662463,.3044643140527735,-2.30242054904065,-.0394719625250788,761,.2345577686662463
stringCheese,haribo,.7,4.366667,haribo,1339,ts3686,119,haribo|stringCheese,1,3.666666999999999,1,1,3.666666999999999,14,1,.9523285280815683,.2467246292513438,.3495908258494803,-2.441452543771951,-.0488452111988452,1339,.2467246292513438
kindBar1,peanuts,3.666667,3.833333,peanuts,1534,ts3686,120,kindBar1|peanuts,1,.1666660000000002,1,1,.1666660000000002,8,1,.5339767009437048,.4077220422126253,.1553404783210332,-.0276492881146993,-.6274030721653745,1534,.4077220422126253
jellyBean,riceKrispies,2.666667,.9666670000000001,riceKrispies,1274,ts3686,121,jellyBean|riceKrispies,1,-1.7,1,1,1.7,5,1,.1996641689538997,.3533362718189416,-2.721141825556741,-1.847269372098646,-1.611118479025897,1274,.3533362718189416
haribo,reeses,4.366667,.466667,haribo,2108,ts3686,122,haribo|reeses,0,-3.899999999999999,0,-1,3.899999999999999,2,1,.0397287527279556,.2360365370625869,.3098842712780538,-2.321069054383289,-.0405394851880618,2108,.2360365370625869
cheetos,kindBar1,.333333,3.666667,kindBar1,1337,ts3686,123,cheetos|kindBar1,1,3.333334,1,1,3.333334,13,1,.9383322476627063,.2629992959977646,.4111184311389612,-2.571771724662155,-.0636511840973318,1337,.2629992959977646
famousAmos,doritos,1.833333,1.766667,famousAmos,1180,ts3686,124,doritos|famousAmos,1,-.0666660000000001,0,-1,.0666660000000001,8,1,.4863917855901371,.4082505148010325,.0648515895563043,-.0044410634707418,-.6662945329456113,1180,.4082505148010325
redVines,sunChips,1.766667,1.9,redVines,1927,ts3686,125,redVines|sunChips,1,.1333329999999999,0,-1,.1333329999999999,8,1,.5271964871794581,.4079483275626908,-.1405853784501973,-.0177250918958151,-.7490753830943685,1927,.4079483275626908
lays,russetChips,2.033333,2.966667,russetChips,1419,ts3686,126,lays|russetChips,1,.9333340000000003,1,1,.9333340000000003,10,1,.6818434261596534,.3896642062962526,.5938926953774123,-.755891956272116,-.3829552279073571,1419,.3896642062962526
reeses,miniBagels,.466667,1.066667,miniBagels,2399,ts3686,127,miniBagels|reeses,1,.6000000000000001,1,1,.6000000000000001,9,1,.6201115286447877,.4003717621492922,.4558661656262548,-.3392254377887219,-.4778559322094025,2399,.4003717621492922
haribo,pistachios,4.366667,4.2,pistachios,10303,ts3686,128,haribo|pistachios,1,-.1666669999999995,1,1,.1666669999999995,8,0,.4660230958234353,.4077220346747087,-.1779926573767905,-.0276496183739834,-.7635200842317739,,
reeses,pretzelStx,.466667,3.433333,pretzelStx,1112,ts3686,129,pretzelStx|reeses,1,2.966666,1,1,2.966666,13,1,.918555775193692,.2821724961243983,.4832356252584609,-2.633680729367099,-.0849526519531863,1112,.2821724961243983
twizzlers,lays,5,2.033333,twizzlers,2330,ts3686,130,lays|twizzlers,1,-2.966667,0,-1,2.966667,3,1,.08144416370793,.2821724421999975,.483235425629827,-2.633680704310283,-.0849525854374911,2330,.2821724421999975
chesapeake,sunChips,1.033333,1.9,sunChips,1362,ts3686,131,chesapeake|sunChips,1,.8666669999999999,1,1,.8666669999999999,9,1,.6699169142834605,.3921158052249836,.5721442352973922,-.6643680299609321,-.4006015828189676,1362,.3921158052249836
cheetos,pretzelStx,.333333,3.433333,pretzelStx,1141,ts3686,132,cheetos|pretzelStx,0,3.1,1,1,3.1,13,1,.9263397961990527,.2750579330316469,.4566932635658732,-2.622929497121966,-.0765141611069071,1141,.2750579330316469
pistachios,miniBagels,4.2,1.066667,pistachios,1639,ts3686,133,miniBagels|pistachios,0,-3.133333,0,-1,3.133333,3,1,.0718240730652868,.2733038122246905,.4500974766597484,-2.618022815173966,-.0745339877250102,1639,.2733038122246905
reeses,pretzelStx,.466667,3.433333,pretzelStx,1178,ts3686,134,pretzelStx|reeses,0,2.966666,1,1,2.966666,13,1,.918555775193692,.2821724961243983,.4832356252584609,-2.633680729367099,-.0849526519531863,1178,.2821724961243983
cheetos,pistachios,.333333,4.2,pistachios,849,ts3686,135,cheetos|pistachios,1,3.866667,1,1,3.866667,14,1,.9592195609978246,.2375273386603111,.3153687554704493,-2.339394467290332,-.0416352824431724,849,.2375273386603111
jellyBean,kindBar1,2.666667,3.666667,jellyBean,2218,ts3686,136,jellyBean|kindBar1,1,1,0,-1,1,10,1,.693535971719058,.3870719434381161,-1.387071943438116,-.85017531060304,-1.182654893361484,2218,.3870719434381161
lindtChoc,reeses,2.633333,.466667,lindtChoc,1414,ts3686,137,lindtChoc|reeses,1,-2.166666,0,-1,2.166666,5,1,.145601780339229,.3271369188059175,.6309408540009519,-2.335989831502202,-.1573578945087487,1414,.3271369188059175
sunChips,raisins,1.9,4.566667,raisins,4171,ts3686,138,raisins|sunChips,1,2.666667,1,1,2.666667,12,1,.8982449362709515,.2986836648677555,.5426937410583013,-2.599850484189579,-.1073124903314775,4171,.2986836648677555
redVines,pistachios,1.766667,4.2,redVines,2099,ts3686,139,pistachios|redVines,1,2.433333,0,-1,2.433333,12,1,.8794582244687318,.3118835148898501,-4.280029439442345,-2.510821749439966,-2.115758901225963,2099,.3118835148898501
pringles,famousAmos,4.133333,1.833333,pringles,1066,ts3686,140,famousAmos|pringles,1,-2.3,0,-1,2.3,4,1,.1325708908835085,.3195035731447752,.6098260980641392,-2.433312181214908,-.1422214890979736,1066,.3195035731447752
lindtChoc,pistachios,2.633333,4.2,lindtChoc,850,ts3686,141,lindtChoc|pistachios,1,1.566667,0,-1,1.566667,11,1,.7823648584010976,.3604656999874224,-2.451410411233345,-1.671674585168185,-1.524935280720991,850,.3604656999874224
animalCookies,pistachios,2.533333,4.2,pistachios,1430,ts3686,142,animalCookies|pistachios,1,1.666667,1,1,1.666667,11,1,.7959500273879073,.3551399618374964,.6801667114069575,-1.804596069494844,-.2282188747719126,1430,.3551399618374964
tostitos,cheetos,4.266667,.333333,tostitos,1103,ts3686,143,cheetos|tostitos,1,-3.933334,0,-1,3.933334,2,1,.0387030636637959,.2345577244832013,.3044641524259461,-2.302419984923863,-.0394719309161689,1103,.2345577244832013
stringCheese,haribo,.7,4.366667,haribo,1326,ts3686,144,haribo|stringCheese,0,3.666666999999999,1,1,3.666666999999999,14,1,.9523285280815683,.2467246292513438,.3495908258494803,-2.441452543771951,-.0488452111988452,1326,.2467246292513438
lindtChoc,cheetos,2.633333,.333333,lindtChoc,760,ts3686,145,cheetos|lindtChoc,1,-2.3,0,-1,2.3,4,1,.1325708908835086,.3195035731447752,.6098260980641393,-2.433312181214907,-.1422214890979736,760,.3195035731447752
pistachios,russetChips,4.2,2.966667,russetChips,1683,ts3686,146,pistachios|russetChips,1,-1.233333,1,1,1.233333,6,1,.2675151576137721,.3770025490053828,-1.806795456229467,-1.192251100184266,-1.3185790502747,1683,.3770025490053828
raisins,cheezIts,4.566667,1.133333,raisins,4144,ts3686,147,cheezIts|raisins,1,-3.433334,0,-1,3.433334,2,1,.0571076936468461,.2579954681677657,.3921395725186017,-2.53891880981209,-.0588032061013791,4144,.2579954681677657
animalCookies,chesapeake,2.533333,1.033333,animalCookies,1231,ts3686,148,animalCookies|chesapeake,1,-1.5,0,-1,1.5,6,1,.2270482488805153,.3639356681593131,.6811447466415457,-1.579476074047262,-.2575386500407305,1231,.3639356681593131
lays,pistachios,2.033333,4.2,pistachios,1645,ts3686,149,lays|pistachios,1,2.166667,1,1,2.166667,11,1,.8543983212601136,.3271368616036646,.6309407049406269,-2.335990635552212,-.1573577755954197,1645,.3271368616036646
haribo,famousAmos,4.366667,1.833333,haribo,1146,ts3686,150,famousAmos|haribo,1,-2.533334,0,-1,2.533334,4,1,.112148483896498,.3061984847663214,.5682191346069019,-2.556104721367066,-.1189507615665398,1146,.3061984847663214
peanuts,haribo,3.833333,4.366667,peanuts,782,ts3686,151,haribo|peanuts,1,.5333339999999995,0,-1,.5333339999999995,9,1,.6072042168778126,.4020153107726593,-.647685307608622,-.2713689340041976,-.9344654379917647,782,.4020153107726593
jellyBean,pistachios,2.666667,4.2,pistachios,768,ts3686,152,jellyBean|pistachios,1,1.533333,1,1,1.533333,10,1,.7776938126449182,.3622093995823715,.6817388263514593,-1.625897452296859,-.2514223892793044,768,.3622093995823715
kindBar1,redVines,3.666667,1.766667,kindBar1,775,ts3686,153,kindBar1|redVines,1,-1.9,0,-1,1.9,5,1,.1748357965571876,.342278108887171,.6643760269173129,-2.083233397143355,-.1921728779760532,775,.342278108887171
tostitos,doritos,4.266667,1.766667,tostitos,1363,ts3686,154,doritos|tostitos,1,-2.5,0,-1,2.5,4,1,.1148879637374007,.3080896290100795,.5744398186870032,-2.542217988141859,-.1220410473396287,1363,.3080896290100795
skittles,cheetos,4.333333,.333333,skittles,1004,ts3686,155,cheetos|skittles,0,-4,0,-1,4,2,1,.0367274878992248,.2316362560503877,.2938199031937982,-2.264229090037573,-.0374189247645132,1004,.2316362560503877
chesapeake,lindtChoc,1.033333,2.633333,lindtChoc,2696,ts3686,156,chesapeake|lindtChoc,1,1.6,1,1,1.6,11,1,.7869645059123465,.3587056323904332,.6817135810804913,-1.716750052827984,-.2395721320743628,2696,.3587056323904332
goldfish,peanuts,3.3,3.833333,peanuts,1908,ts3686,157,goldfish|peanuts,1,.5333330000000003,1,1,.5333330000000003,9,1,.6072040220882705,.4020153340905979,.4189821145751931,-.2713679638915629,-.498890428930115,1908,.4020153340905979
russetChips,kindBar2,2.966667,1.666667,russetChips,1512,ts3686,158,kindBar2|russetChips,1,-1.3,0,-1,1.3,6,1,.2569821312944217,.3738736441624282,.6681535413654964,-1.290770052711037,-.297035185151705,1512,.3738736441624282
cheetos,miniBagels,.333333,1.066667,miniBagels,4585,ts3686,159,cheetos|miniBagels,1,.733334,1,1,.733334,9,1,.6454082362210306,.3965675564504867,.5200683929981735,-.4922965364261425,-.4378722380248301,4585,.3965675564504867
redVines,chesapeake,1.766667,1.033333,chesapeake,4186,ts3686,160,chesapeake|redVines,1,-.7333339999999999,1,1,.7333339999999999,7,1,.3545917637789694,.3965675564504866,-.9465996070018262,-.4922965364261423,-1.036788112405432,4186,.3965675564504866
pringles,goldfish,4.133333,3.3,goldfish,3127,ts3686,161,goldfish|pringles,1,-.8333330000000005,1,1,.8333330000000005,7,1,.3361306755411444,.3932865360158676,-1.106448431518544,-.6198518499554408,-1.090255279325861,3127,.3932865360158676
beefJerky,chesapeake,2.5,1.033333,beefJerky,1430,ts3686,162,beefJerky|chesapeake,1,-1.466667,0,-1,1.466667,6,1,.2318613063552452,.3656435900511225,.6801266532162568,-1.532466371770309,-.263784971455725,1430,.3656435900511225
riceKrispies,skittles,.9666670000000001,4.333333,skittles,821,ts3686,163,riceKrispies|skittles,0,3.366665999999999,1,1,3.366665999999999,13,1,.9398887942467206,.2613201275366909,.4047487052571405,-2.56148589465914,-.0619937147094073,821,.2613201275366909
chesapeake,haribo,1.033333,4.366667,chesapeake,1513,ts3686,164,chesapeake|haribo,1,3.333334,0,-1,3.333334,13,1,.9383322476627063,.2629992959977646,-6.255549568861039,-2.571771724662155,-2.785994137257269,1513,.2629992959977646
lindtChoc,stringCheese,2.633333,.7,lindtChoc,774,ts3686,165,lindtChoc|stringCheese,1,-1.933333,0,-1,1.933333,5,1,.170943059225785,.3404037905257035,.6609797150443293,-2.118893607151514,-.187466440108863,774,.3404037905257035
famousAmos,twizzlers,1.833333,5,twizzlers,801,ts3686,166,famousAmos|twizzlers,1,3.166667,1,1,3.166667,13,1,.9299698016653757,.2715598461507798,.4435246361394196,-2.61227555503681,-.0726031646895934,801,.2715598461507798
cheezIts,pistachios,1.133333,4.2,pistachios,1897,ts3686,167,cheezIts|pistachios,1,3.066667,1,1,3.066667,13,1,.9244605462552017,.2768220652944723,.4633086999943988,-2.626972050680946,-.0785449048306543,1897,.2768220652944723
russetChips,fruitSnacks,2.966667,2.166667,russetChips,941,ts3686,168,fruitSnacks|russetChips,1,-.8000000000000003,0,-1,.8000000000000003,7,1,.3422322786467588,.3944193033831029,.5475716458348142,-.5762799260134559,-.4189034170404234,941,.3944193033831029
cheetos,kindBar1,.333333,3.666667,kindBar1,794,ts3686,169,cheetos|kindBar1,0,3.333334,1,1,3.333334,13,1,.9383322476627063,.2629992959977646,.4111184311389612,-2.571771724662155,-.0636511840973318,794,.2629992959977646
kindBar2,goldfish,1.666667,3.3,kindBar2,873,ts3686,170,goldfish|kindBar2,1,1.633333,0,-1,1.633333,11,1,.7914928492477626,.3569300923299324,-2.585542779880792,-1.761073223988374,-1.567781942157581,873,.3569300923299324
haribo,miniBagels,4.366667,1.066667,haribo,924,ts3686,171,haribo|miniBagels,1,-3.3,0,-1,3.3,3,1,.0632619887291442,.2646897038005187,.4175291256123514,-2.581361658306904,-.0653516396065651,924,.2646897038005187
kindBar1,russetChips,3.666667,2.966667,russetChips,1156,ts3686,172,kindBar1|russetChips,1,-.6999999999999997,1,1,.6999999999999997,7,1,.3608465181387333,.3975813767464765,-.8948148746057731,-.4520471646323365,-1.01930256856477,1156,.3975813767464765
pistachios,reeses,4.2,.466667,pistachios,997,ts3686,173,pistachios|reeses,1,-3.733333,0,-1,3.733333,2,1,.0452596623635326,.2436109169133679,.3379387821412689,-2.409073394220496,-.0463158732351666,997,.2436109169133679
riceKrispies,haribo,.9666670000000001,4.366667,haribo,1390,ts3686,174,haribo|riceKrispies,1,3.399999999999999,1,1,3.399999999999999,13,1,.9414085956283308,.2596521150754887,.3984215497273506,-2.55052680685884,-.0603780193702162,1390,.2596521150754887
miniBagels,peanuts,1.066667,3.833333,peanuts,1060,ts3686,175,miniBagels|peanuts,1,2.766666,1,1,2.766666,12,1,.905470578038773,.2931113318620845,.5230626754795603,-2.620684877756831,-.0993004946892973,1060,.2931113318620845
jellyBean,kindBar2,2.666667,1.666667,jellyBean,1642,ts3686,176,jellyBean|kindBar2,1,-1,0,-1,1,6,1,.306464028280942,.3870719434381161,.612928056561884,-.85017531060304,-.3659521707540467,1642,.3870719434381161
sunChips,haribo,1.9,4.366667,haribo,1582,ts3686,177,haribo|sunChips,1,2.466667,1,1,2.466667,12,1,.8823145932825919,.3099847634744307,.5805814182628178,-2.527127267252114,-.1252066048448562,1582,.3099847634744307
reeses,goldfish,.466667,3.3,goldfish,1184,ts3686,178,goldfish|reeses,1,2.833333,1,1,2.833333,13,1,.9100291395335042,.2894323678392227,.509834815996236,-2.62913207782021,-.0942786585185283,1184,.2894323678392227
tostitos,miniBagels,4.266667,1.066667,tostitos,743,ts3686,179,miniBagels|tostitos,0,-3.2,0,-1,3.2,3,1,.0682778834707343,.2698263228307911,.4369784542126994,-2.605711937515157,-.0707206669849499,743,.2698263228307911
jellyBean,chesapeake,2.666667,1.033333,jellyBean,2999,ts3686,180,chesapeake|jellyBean,1,-1.633334,0,-1,1.633334,5,1,.2085070159702521,.3569300388404919,.6811231968455113,-1.761074541911884,-.2338342638447057,2999,.3569300388404919
kindBar2,miniBagels,1.666667,1.066667,kindBar2,2312,ts3686,181,kindBar2|miniBagels,1,-.5999999999999999,0,-1,.5999999999999999,7,1,.3798884713552124,.4003717621492922,.4558661656262548,-.3392254377887217,-.4778559322094025,2312,.4003717621492922
lays,raisins,2.033333,4.566667,raisins,1338,ts3686,182,lays|raisins,1,2.533334,1,1,2.533334,12,1,.887851516103502,.3061984847663214,.5682191346069018,-2.556104721367065,-.1189507615665398,1338,.3061984847663214
redVines,twizzlers,1.766667,5,twizzlers,1159,ts3686,183,redVines|twizzlers,0,3.233333,1,1,3.233333,13,1,.9334337230052318,.2681033614571909,.43046188018865,-2.598355774616469,-.0688853169084042,1159,.2681033614571909
peanuts,cheezIts,3.833333,1.133333,peanuts,891,ts3686,184,cheezIts|peanuts,1,-2.7,0,-1,2.7,4,1,.0992936782991987,.2968194975561491,.536185862815673,-2.607908379721247,-.1045760215640215,891,.2968194975561491
pringles,riceKrispies,4.133333,.9666670000000001,pringles,1628,ts3686,185,pringles|riceKrispies,1,-3.166666,0,-1,3.166666,3,1,.0700302515231998,.2715598983137471,.44352483293993,-2.61227573981872,-.0726032218834689,1628,.2715598983137471
tostitos,animalCookies,4.266667,2.533333,tostitos,811,ts3686,186,animalCookies|tostitos,1,-1.733334,0,-1,1.733334,5,1,.1953493683825656,.3515198243586457,.6772114041920519,-1.889051818179882,-.2173470937587237,811,.3515198243586457
russetChips,riceKrispies,2.966667,.9666670000000001,russetChips,1112,ts3686,187,riceKrispies|russetChips,1,-2,0,-1,2,5,1,.1633643832773144,.3366356167226855,.6534575331092577,-2.186823384859794,-.1783666476998955,1112,.3366356167226855
cheetos,pringles,.333333,4.133333,pringles,865,ts3686,188,cheetos|pringles,1,3.8,1,1,3.8,14,1,.9570356666685064,.2405450877202665,.3265289333193516,-2.374998748932399,-.0439146189775757,865,.2405450877202665
sunChips,peanuts,1.9,3.833333,peanuts,1224,ts3686,189,peanuts|sunChips,1,1.933333,1,1,1.933333,11,1,.8290569407742151,.3404037905257035,.6609797150443288,-2.118893607151513,-.1874664401088627,1224,.3404037905257035
goldfish,doritos,3.3,1.766667,goldfish,1125,ts3686,190,doritos|goldfish,1,-1.533333,0,-1,1.533333,6,1,.2223061873550818,.3622093995823714,.6817388263514593,-1.625897452296859,-.2514223892793045,1125,.3622093995823714
kindBar2,doritos,1.666667,1.766667,kindBar2,1416,ts3686,191,doritos|kindBar2,1,.1000000000000001,0,-1,.1000000000000001,8,1,.5204062268080862,.4081245361617233,-.1040812453616173,-.0099833434362983,-.7348158392493552,1416,.4081245361617233
haribo,cheezIts,4.366667,1.133333,haribo,2387,ts3686,192,cheezIts|haribo,1,-3.233334,0,-1,3.233334,3,1,.0665662262487929,.2681033099278993,.4304616851638292,-2.598355542280925,-.0688852625435652,2387,.2681033099278993
russetChips,animalCookies,2.966667,2.533333,russetChips,863,ts3686,193,animalCookies|russetChips,1,-.4333340000000003,0,-1,.4333340000000003,7,1,.4124357761900874,.40414194967352,.3574448892791109,-.1820191984299929,-.5317697218152487,863,.40414194967352
animalCookies,raisins,2.533333,4.566667,animalCookies,1518,ts3686,194,animalCookies|raisins,1,2.033334,0,-1,2.033334,11,1,.8403224762730002,.3347433095330134,-3.417312523940169,-2.219050600828391,-1.834598974260923,1518,.3347433095330134
lindtChoc,haribo,2.633333,4.366667,lindtChoc,1074,ts3686,195,haribo|lindtChoc,1,1.733334,0,-1,1.733334,11,1,.8046506316174344,.3515198243586458,-2.789456595807948,-1.889051818179881,-1.632965690746762,1074,.3515198243586458
reeses,sunChips,.466667,1.9,sunChips,8117,ts3686,196,reeses|sunChips,1,1.433333,1,1,1.433333,10,0,.7632547097095632,.3673322385092135,.6786696743357252,-1.484926753786337,-.2701634767873498,,
raisins,fruitSnacks,4.566667,2.166667,raisins,2474,ts3686,197,fruitSnacks|raisins,1,-2.4,0,-1,2.4,4,1,.1234576828789338,.3137852642675552,.5925968778188823,-2.493293953929947,-.131770296127327,2474,.3137852642675552
skittles,twizzlers,4.333333,5,skittles,887,ts3686,198,skittles|twizzlers,1,.6666670000000003,0,-1,.6666670000000003,9,1,.6328513501043308,.3985538510360668,-.8438022220400082,-.4130680020018376,-1.001988472346708,887,.3985538510360668
animalCookies,reeses,2.533333,.466667,animalCookies,1335,ts3686,199,animalCookies|reeses,1,-2.066666,0,-1,2.066666,5,1,.1560585649990421,.3328466573708165,.6450418605846207,-2.250093161787482,-.1696721766030556,1335,.3328466573708165
tostitos,peanuts,4.266667,3.833333,tostitos,790,ts3686,200,peanuts|tostitos,1,-.4333339999999999,0,-1,.4333339999999999,7,1,.4124357761900875,.4041419496735198,.3574448892791107,-.1820191984299925,-.5317697218152491,790,.4041419496735198
pringles,fruitSnacks,4.133333,2.166667,pringles,879,ts3686,201,fruitSnacks|pringles,1,-1.966666,0,-1,1.966666,5,1,.1671194404893182,.3385227176456824,.657336243098731,-2.153430743248864,-.1828650330375996,879,.3385227176456824
lindtChoc,skittles,2.633333,4.333333,skittles,1037,ts3686,202,lindtChoc|skittles,1,1.7,1,1,1.7,11,1,.8003358310461003,.3533362718189416,.6788581744432589,-1.847269372098646,-.2227238505932549,1037,.3533362718189416
twizzlers,sunChips,5,1.9,twizzlers,769,ts3686,203,sunChips|twizzlers,1,-3.1,0,-1,3.1,3,1,.0736602038009473,.2750579330316469,.4566932635658735,-2.622929497121967,-.0765141611069071,769,.2750579330316469
reeses,goldfish,.466667,3.3,goldfish,14719,ts3686,204,goldfish|reeses,0,2.833333,1,1,2.833333,13,0,.9100291395335042,.2894323678392227,.509834815996236,-2.62913207782021,-.0942786585185283,,
pringles,cheezIts,4.133333,1.133333,cheezIts,5165,ts3686,205,cheezIts|pringles,1,-3,1,1,3,3,1,.0794306394401515,.2803795737065656,-5.523416163359092,-2.632370866498085,-2.532871098008787,5165,.2803795737065656
russetChips,sunChips,2.966667,1.9,russetChips,1809,ts3686,206,russetChips|sunChips,1,-1.066667,0,-1,1.066667,6,1,.2950150999286938,.3843465675253968,.6293657431912801,-.9465460996825145,-.3495788947378171,1809,.3843465675253968
pringles,peanuts,4.133333,3.833333,peanuts,1222,ts3686,207,peanuts|pringles,1,-.3000000000000003,1,1,.3000000000000003,8,1,.4390518856587747,.4063207622748346,-.3365688686047354,-.0886627178489698,-.8231376823242355,1222,.4063207622748346
skittles,miniBagels,4.333333,1.066667,skittles,878,ts3686,208,miniBagels|skittles,1,-3.266666,0,-1,3.266666,3,1,.0648945890066989,.2663911223206175,.4239778949843141,-2.590231093158328,-.0670960170177483,878,.2663911223206175
sunChips,kindBar1,1.9,3.666667,kindBar1,1453,ts3686,209,kindBar1|sunChips,1,1.766667,1,1,1.766667,11,1,.8088943268304368,.3496916247718861,.6752401726029054,-1.929899769326912,-.2120869924202866,1453,.3496916247718861
goldfish,twizzlers,3.3,5,goldfish,679,ts3686,210,goldfish|twizzlers,1,1.7,0,-1,1.7,11,1,.8003358310461004,.3533362718189416,-2.721141825556741,-1.847269372098646,-1.611118479025897,679,.3533362718189416
famousAmos,peanuts,1.833333,3.833333,peanuts,1023,ts3686,211,famousAmos|peanuts,1,2,1,1,2,11,1,.8366356167226855,.3366356167226855,.653457533109258,-2.186823384859795,-.1783666476998955,1023,.3366356167226855
famousAmos,lindtChoc,1.833333,2.633333,lindtChoc,1299,ts3686,212,famousAmos|lindtChoc,1,.7999999999999998,1,1,.7999999999999998,9,1,.6577677213532411,.3944193033831029,.5475716458348141,-.5762799260134552,-.4189034170404234,1299,.3944193033831029
reeses,riceKrispies,.466667,.9666670000000001,riceKrispies,2199,ts3686,213,reeses|riceKrispies,1,.5,1,1,.5,9,1,.6006925004130429,.4027700016521717,.3993074995869571,-.2398610203605694,-.5096721219500145,2199,.4027700016521717
chesapeake,skittles,1.033333,4.333333,skittles,1073,ts3686,214,chesapeake|skittles,1,3.3,1,1,3.3,13,1,.9367380112708558,.2646897038005187,.4175291256123519,-2.581361658306907,-.0653516396065651,1073,.2646897038005187
cheetos,peanuts,.333333,3.833333,peanuts,1142,ts3686,215,cheetos|peanuts,1,3.5,1,1,3.5,14,1,.9457543228592959,.2547167559195977,.3797197399849284,-2.513851098960277,-.0557724446528034,1142,.2547167559195977
redVines,famousAmos,1.766667,1.833333,redVines,1315,ts3686,216,famousAmos|redVines,1,.0666660000000001,0,-1,.0666660000000001,8,1,.5136082144098628,.4082505148010325,-.0684804104436959,-.0044410634707418,-.7207408366509587,1315,.4082505148010325
jellyBean,fruitSnacks,2.666667,2.166667,fruitSnacks,1651,ts3686,217,fruitSnacks|jellyBean,1,-.5,1,1,.5,7,1,.399307499586957,.4027700016521717,-.600692500413043,-.2398610203605694,-.918023483253733,1651,.4027700016521717
goldfish,chesapeake,3.3,1.033333,goldfish,2952,ts3686,218,chesapeake|goldfish,1,-2.266667,0,-1,2.266667,4,1,.1357328730627432,.3214121235605025,.6153224483730179,-2.410840460700881,-.1458733832668298,2952,.3214121235605025
twizzlers,pretzelStx,5,3.433333,twizzlers,660,ts3686,219,pretzelStx|twizzlers,1,-1.566667,0,-1,1.566667,5,1,.2176351415989024,.3604656999874225,.6819235887666553,-1.671674585168184,-.2454340764017657,660,.3604656999874225
redVines,peanuts,1.766667,3.833333,peanuts,808,ts3686,220,peanuts|redVines,1,2.066666,1,1,2.066666,11,1,.843941435000958,.3328466573708165,.6450418605846204,-2.250093161787482,-.1696721766030556,808,.3328466573708165
stringCheese,russetChips,.7,2.966667,russetChips,3506,ts3686,221,russetChips|stringCheese,1,2.266667,1,1,2.266667,12,1,.8642671269372567,.3214121235605025,.6153224483730183,-2.410840460700883,-.1458733832668298,3506,.3214121235605025
doritos,peanuts,1.766667,3.833333,peanuts,754,ts3686,222,doritos|peanuts,1,2.066666,1,1,2.066666,11,1,.843941435000958,.3328466573708165,.6450418605846204,-2.250093161787482,-.1696721766030556,754,.3328466573708165
lays,jellyBean,2.033333,2.666667,jellyBean,5536,ts3686,223,jellyBean|lays,1,.6333340000000001,1,1,.6333340000000001,9,0,.6265034707315612,.3994842239057469,.4730961017353949,-.3754357715157421,-.4676009647865607,,
peanuts,stringCheese,3.833333,.7,peanuts,1123,ts3686,224,peanuts|stringCheese,1,-3.133333,0,-1,3.133333,3,1,.0718240730652868,.2733038122246905,.4500974766597484,-2.618022815173966,-.0745339877250102,1123,.2733038122246905
doritos,haribo,1.766667,4.366667,haribo,1116,ts3686,225,doritos|haribo,1,2.6,1,1,2.6,12,1,.8931594017646187,.3024303090497067,.5555711108239826,-2.580310517102515,-.1129902126189738,1116,.3024303090497067
riceKrispies,peanuts,.9666670000000001,3.833333,peanuts,672,ts3686,226,peanuts|riceKrispies,1,2.866666,1,1,2.866666,13,1,.9122333252898382,.2876047124358668,.503195484649361,-2.631781078624185,-.0918594824954614,672,.2876047124358668
miniBagels,raisins,1.066667,4.566667,raisins,761,ts3686,227,miniBagels|raisins,0,3.5,1,1,3.5,14,1,.9457543228592959,.2547167559195977,.3797197399849284,-2.513851098960277,-.0557724446528034,761,.2547167559195977
sunChips,haribo,1.9,4.366667,haribo,1478,ts3686,228,haribo|sunChips,0,2.466667,1,1,2.466667,12,1,.8823145932825919,.3099847634744307,.5805814182628178,-2.527127267252114,-.1252066048448562,1478,.3099847634744307
kindBar1,cheezIts,3.666667,1.133333,kindBar1,771,ts3686,229,cheezIts|kindBar1,1,-2.533334,0,-1,2.533334,4,1,.112148483896498,.3061984847663214,.5682191346069018,-2.556104721367065,-.1189507615665398,771,.3061984847663214
skittles,jellyBean,4.333333,2.666667,skittles,1143,ts3686,230,jellyBean|skittles,1,-1.666666,0,-1,1.666666,5,1,.2040501052557388,.3551400157491197,.6801667454523223,-1.804594776332876,-.228219041420135,1143,.3551400157491197
twizzlers,lindtChoc,5,2.633333,twizzlers,639,ts3686,231,lindtChoc|twizzlers,1,-2.366667,0,-1,2.366667,4,1,.1264339855898195,.3156895451790899,.5984542827478025,-2.474536475436601,-.135171577666984,639,.3156895451790899
stringCheese,cheetos,.7,.333333,stringCheese,1668,ts3686,232,cheetos|stringCheese,1,-.366667,0,-1,.366667,7,1,.4256900002917846,.4053269026567181,.3121729506739755,-.1314750874770528,-.5545859592693667,1668,.4053269026567181
beefJerky,reeses,2.5,.466667,beefJerky,5672,ts3686,233,beefJerky|reeses,1,-2.033333,0,-1,2.033333,5,0,.1596776333127017,.334743366371665,.6493556023532311,-2.219049651691877,-.1739696908997662,,
lindtChoc,sunChips,2.633333,1.9,lindtChoc,1432,ts3686,234,lindtChoc|sunChips,1,-.733333,0,-1,.733333,7,1,.3545919506866732,.3965675874761583,.5200679579458203,-.4922953107266289,-.4378725276209653,1432,.3965675874761583
lays,peanuts,2.033333,3.833333,peanuts,657,ts3686,235,lays|peanuts,1,1.8,1,1,1.8,11,1,.8130672504171615,.3478525004635127,.6729578984982185,-1.969776101442449,-.206941454015044,657,.3478525004635127
fruitSnacks,miniBagels,2.166667,1.066667,fruitSnacks,1186,ts3686,236,fruitSnacks|miniBagels,1,-1.1,0,-1,1.1,6,1,.2893849621494874,.3829364324554775,.6366469167288722,-.9953039202231392,-.3416244334315207,1186,.3829364324554775
fruitSnacks,goldfish,2.166667,3.3,fruitSnacks,711,ts3686,237,fruitSnacks|goldfish,1,1.133333,0,-1,1.133333,10,1,.7161809856598572,.3814959692515038,-1.623343090041686,-1.044333800546339,-1.259418517416168,711,.3814959692515038
pistachios,reeses,4.2,.466667,pistachios,1010,ts3686,238,pistachios|reeses,0,-3.733333,0,-1,3.733333,2,1,.0452596623635326,.2436109169133679,.3379387821412689,-2.409073394220496,-.0463158732351666,1010,.2436109169133679
stringCheese,pringles,.7,4.133333,pringles,1068,ts3686,239,pringles|stringCheese,1,3.433333,1,1,3.433333,14,1,.9428922623766324,.2579955176946905,.3921397602752993,-2.538919167541779,-.0588032527414059,1068,.2579955176946905
raisins,kindBar2,4.566667,1.666667,kindBar2,886,ts3686,240,kindBar2|raisins,1,-2.9,1,1,2.9,3,1,.0856113450302767,.2857852792894643,-5.303454198824396,-2.633407914153385,-2.457937469216052,886,.2857852792894643
cheezIts,tostitos,1.133333,4.266667,tostitos,2273,ts3686,241,cheezIts|tostitos,1,3.133334,1,1,3.133334,13,1,.9281759813804878,.273303759752703,.450097279114301,-2.618022655246561,-.0745339290661164,2273,.273303759752703
skittles,fruitSnacks,4.333333,2.166667,skittles,1164,ts3686,242,fruitSnacks|skittles,1,-2.166666,0,-1,2.166666,5,1,.145601780339229,.3271369188059175,.6309408540009519,-2.335989831502202,-.1573578945087487,1164,.3271369188059175
skittles,redVines,4.333333,1.766667,skittles,1343,ts3686,243,redVines|skittles,1,-2.566666,0,-1,2.566666,4,1,.109466406877638,.3043119697867678,.5619274093499989,-2.568797538714647,-.1159344530758386,1343,.3043119697867678
reeses,tostitos,.466667,4.266667,tostitos,1221,ts3686,244,reeses|tostitos,1,3.8,1,1,3.8,14,1,.9570356666685064,.2405450877202665,.3265289333193516,-2.374998748932398,-.0439146189775757,1221,.2405450877202665
twizzlers,kindBar2,5,1.666667,twizzlers,2314,ts3686,245,kindBar2|twizzlers,1,-3.333333,0,-1,3.333333,3,1,.0616677995956835,.2629993465425245,.4111186228593569,-2.571772022921524,-.0636512344615721,2314,.2629993465425245
fruitSnacks,pretzelStx,2.166667,3.433333,pretzelStx,2085,ts3686,246,fruitSnacks|pretzelStx,1,1.266666,1,1,1.266666,10,1,.7377853665109361,.3754507763071496,.6642767218861174,-1.241569913169436,-.304102327967279,2085,.3754507763071496
haribo,miniBagels,4.366667,1.066667,haribo,1426,ts3686,247,haribo|miniBagels,0,-3.3,0,-1,3.3,3,1,.0632619887291442,.2646897038005187,.4175291256123514,-2.581361658306904,-.0653516396065651,1426,.2646897038005187
lindtChoc,beefJerky,2.633333,2.5,lindtChoc,2512,ts3686,248,beefJerky|lindtChoc,1,-.1333329999999999,0,-1,.1333329999999999,8,1,.4728035128205419,.4079483275626908,.1260806215498025,-.0177250918958151,-.6401819589809511,2512,.4079483275626908
kindBar1,pringles,3.666667,4.133333,pringles,1677,ts3686,249,kindBar1|pringles,1,.4666660000000005,1,1,.4666660000000005,9,1,.594144987553706,.4034790944860177,.3787974704765248,-.2100562770753825,-.5206319026130753,1677,.4034790944860177
skittles,redVines,4.333333,1.766667,skittles,905,ts3686,250,redVines|skittles,0,-2.566666,0,-1,2.566666,4,1,.109466406877638,.3043119697867678,.5619274093499989,-2.568797538714647,-.1159344530758386,905,.3043119697867678
stringCheese,russetChips,.7,2.966667,russetChips,1113,ts3686,251,russetChips|stringCheese,0,2.266667,1,1,2.266667,12,1,.8642671269372567,.3214121235605025,.6153224483730183,-2.410840460700883,-.1458733832668298,1113,.3214121235605025
goldfish,famousAmos,3.3,1.833333,goldfish,1457,ts3686,252,famousAmos|goldfish,1,-1.466667,0,-1,1.466667,6,1,.2318613063552453,.3656435900511224,.6801266532162569,-1.532466371770309,-.263784971455725,1457,.3656435900511224
fruitSnacks,stringCheese,2.166667,.7,fruitSnacks,1559,ts3686,253,fruitSnacks|stringCheese,1,-1.466667,0,-1,1.466667,6,1,.2318613063552452,.3656435900511225,.6801266532162568,-1.532466371770309,-.263784971455725,1559,.3656435900511225
cheetos,sunChips,.333333,1.9,sunChips,1355,ts3686,254,cheetos|sunChips,1,1.566667,1,1,1.566667,11,1,.7823648584010976,.3604656999874225,.6819235887666552,-1.671674585168184,-.2454340764017657,1355,.3604656999874225
russetChips,famousAmos,2.966667,1.833333,russetChips,2935,ts3686,255,famousAmos|russetChips,1,-1.133334,0,-1,1.133334,6,1,.2838188483324549,.3814959255921823,.643323101312029,-1.044335274723007,-.3338221388996203,2935,.3814959255921823
pistachios,pretzelStx,4.2,3.433333,pretzelStx,2894,ts3686,256,pistachios|pretzelStx,1,-.766667,1,1,.766667,7,1,.3483865165377645,.3955132631565869,-.9991411090510833,-.533734077509905,-1.054442735849813,2894,.3955132631565869
reeses,tostitos,.466667,4.266667,tostitos,1403,ts3686,257,reeses|tostitos,0,3.8,1,1,3.8,14,1,.9570356666685064,.2405450877202665,.3265289333193516,-2.374998748932398,-.0439146189775757,1403,.2405450877202665
tostitos,stringCheese,4.266667,.7,tostitos,713,ts3686,258,stringCheese|tostitos,1,-3.566667,0,-1,3.566667,2,1,.0515192167813443,.2514845278343371,.3675037807197336,-2.486468185293322,-.052893749992956,713,.2514845278343371
pretzelStx,kindBar2,3.433333,1.666667,pretzelStx,611,ts3686,259,kindBar2|pretzelStx,1,-1.766666,0,-1,1.766666,5,1,.1911057994190095,.3496916797866608,.6752402364727678,-1.929898558264999,-.2120871484968616,611,.3496916797866608
cheetos,goldfish,.333333,3.3,cheetos,807,ts3686,260,cheetos|goldfish,0,2.966667,0,-1,2.966667,13,1,.91855583629207,.2821724421999975,-5.450098574370172,-2.633680704310283,-2.507837601407128,807,.2821724421999975
lays,tostitos,2.033333,4.266667,tostitos,2452,ts3686,261,lays|tostitos,1,2.233334,1,1,2.233334,12,1,.861041809012399,.3233209264824688,.6206801050222057,-2.38712817056895,-.1496122170662101,2452,.3233209264824688
cheetos,pistachios,.333333,4.2,pistachios,914,ts3686,262,cheetos|pistachios,0,3.866667,1,1,3.866667,14,1,.9592195609978246,.2375273386603111,.3153687554704493,-2.339394467290332,-.0416352824431724,914,.2375273386603111
tostitos,riceKrispies,4.266667,.9666670000000001,tostitos,916,ts3686,263,riceKrispies|tostitos,0,-3.3,0,-1,3.3,3,1,.0632619887291442,.2646897038005187,.4175291256123514,-2.581361658306904,-.0653516396065651,916,.2646897038005187
reeses,skittles,.466667,4.333333,skittles,1457,ts3686,264,reeses|skittles,1,3.866665999999999,1,1,3.866665999999999,14,1,.9592195290505297,.2375273835653401,.3153689209686094,-2.339395012019112,-.0416353157486811,1457,.2375273835653401
pretzelStx,skittles,3.433333,4.333333,skittles,1676,ts3686,265,pretzelStx|skittles,1,.8999999999999995,1,1,.8999999999999995,9,1,.6759086362145854,.3909080804768568,.5833644548137459,-.7097419315246031,-.391697365601954,1676,.3909080804768568
goldfish,lays,3.3,2.033333,goldfish,776,ts3686,266,goldfish|lays,1,-1.266667,0,-1,1.266667,6,1,.2622144754913218,.3754507293687736,.6642768460543322,-1.241571391318315,-.3041021138159386,776,.3754507293687736
chesapeake,haribo,1.033333,4.366667,haribo,1800,ts3686,267,chesapeake|haribo,0,3.333334,1,1,3.333334,13,1,.9383322476627063,.2629992959977646,.4111184311389612,-2.571771724662155,-.0636511840973318,1800,.2629992959977646
pretzelStx,miniBagels,3.433333,1.066667,pretzelStx,632,ts3686,268,miniBagels|pretzelStx,1,-2.366666,0,-1,2.366666,4,1,.1264340757933828,.3156896023406912,.5984544568432442,-2.474535894203205,-.1351716809260011,632,.3156896023406912
redVines,reeses,1.766667,.466667,redVines,1392,ts3686,269,redVines|reeses,1,-1.3,0,-1,1.3,6,1,.2569821312944217,.3738736441624282,.6681535413654964,-1.290770052711037,-.297035185151705,1392,.3738736441624282
peanuts,russetChips,3.833333,2.966667,peanuts,2656,ts3686,270,peanuts|russetChips,1,-.8666659999999999,0,-1,.8666659999999999,7,1,.3300832663126021,.3921158409061803,.5721438881641552,-.664366681195754,-.4006018523987964,2656,.3921158409061803
doritos,pringles,1.766667,4.133333,pringles,950,ts3686,271,doritos|pringles,1,2.366666,1,1,2.366666,12,1,.8735659242066172,.3156896023406912,.5984544568432445,-2.474535894203206,-.1351716809260011,950,.3156896023406912
skittles,doritos,4.333333,1.766667,skittles,1134,ts3686,272,doritos|skittles,1,-2.566666,0,-1,2.566666,4,1,.109466406877638,.3043119697867678,.5619274093499989,-2.568797538714647,-.1159344530758386,1134,.3043119697867678
famousAmos,stringCheese,1.833333,.7,stringCheese,1847,ts3686,273,famousAmos|stringCheese,1,-1.133333,1,1,1.133333,6,1,.2838190143401427,.3814959692515039,-1.623343090041686,-1.044333800546339,-1.259418517416169,1847,.3814959692515039
animalCookies,stringCheese,2.533333,.7,animalCookies,1684,ts3686,274,animalCookies|stringCheese,1,-1.833333,0,-1,1.833333,5,1,.1828303495534686,.3460033179422739,.6703778264758185,-2.008645153262341,-.2019085551931616,1684,.3460033179422739
doritos,twizzlers,1.766667,5,twizzlers,936,ts3686,275,doritos|twizzlers,1,3.233333,1,1,3.233333,13,1,.9334337230052318,.2681033614571909,.43046188018865,-2.598355774616469,-.0688853169084042,936,.2681033614571909
haribo,kindBar1,4.366667,3.666667,haribo,1622,ts3686,276,haribo|kindBar1,1,-.6999999999999997,0,-1,.6999999999999997,7,1,.3608465181387333,.3975813767464765,.5051851253942264,-.4520471646323365,-.447610662739564,1622,.3975813767464765
pretzelStx,tostitos,3.433333,4.266667,pretzelStx,728,ts3686,277,pretzelStx|tostitos,1,.8333339999999998,0,-1,.8333339999999998,9,1,.6638695067034664,.3932865014591185,-1.106450062998453,-.6198531716882247,-1.090255821509819,728,.3932865014591185
twizzlers,lays,5,2.033333,twizzlers,882,ts3686,278,lays|twizzlers,0,-2.966667,0,-1,2.966667,3,1,.08144416370793,.2821724421999975,.483235425629827,-2.633680704310283,-.0849525854374911,882,.2821724421999975
beefJerky,doritos,2.5,1.766667,beefJerky,1821,ts3686,279,beefJerky|doritos,1,-.733333,0,-1,.733333,7,1,.3545919506866732,.3965675874761583,.5200679579458203,-.4922953107266289,-.4378725276209653,1821,.3965675874761583
miniBagels,animalCookies,1.066667,2.533333,animalCookies,1386,ts3686,280,animalCookies|miniBagels,1,1.466666,1,1,1.466666,10,1,.7681385481886278,.3656436410043293,.6801266161647559,-1.532464953232074,-.2637851608175446,1386,.3656436410043293
doritos,fruitSnacks,1.766667,2.166667,fruitSnacks,880,ts3686,281,doritos|fruitSnacks,1,.3999999999999999,1,1,.3999999999999999,9,1,.580951616234435,.404758081172175,.3352387070124519,-.1558059749305809,-.5430878023028543,880,.404758081172175
russetChips,cheetos,2.966667,.333333,russetChips,750,ts3686,282,cheetos|russetChips,1,-2.633334,0,-1,2.633334,4,1,.1042704008770829,.3005540498265067,.5491575836465044,-2.590656621071901,-.1101166982471473,750,.3005540498265067
famousAmos,riceKrispies,1.833333,.9666670000000001,famousAmos,3389,ts3686,283,famousAmos|riceKrispies,1,-.866666,0,-1,.866666,7,1,.3300832663126022,.3921158409061805,.5721438881641554,-.6643666811957544,-.4006018523987962,3389,.3921158409061805
raisins,lindtChoc,4.566667,2.633333,raisins,1470,ts3686,284,lindtChoc|raisins,1,-1.933334,0,-1,1.933334,5,1,.170942943481457,.3404037341903086,.6609796093855582,-2.118894660240152,-.1874663004992482,1470,.3404037341903086
reeses,cheetos,.466667,.333333,reeses,6511,ts3686,285,cheetos|reeses,1,-.133334,0,-1,.133334,8,0,.472803309248939,.407948321524307,.1260815128707961,-.0177253569864407,-.6401815728411182,,
pringles,reeses,4.133333,.466667,pringles,2494,ts3686,286,pringles|reeses,0,-3.666666,0,-1,3.666666,2,1,.0476715089958527,.2467246763158397,.3495910024075745,-2.44145301590321,-.048845250132281,2494,.2467246763158397
pretzelStx,doritos,3.433333,1.766667,pretzelStx,993,ts3686,287,doritos|pretzelStx,1,-1.666666,0,-1,1.666666,5,1,.2040501052557388,.3551400157491197,.6801667454523224,-1.804594776332876,-.2282190414201349,993,.3551400157491197
tostitos,kindBar2,4.266667,1.666667,tostitos,743,ts3686,288,kindBar2|tostitos,1,-2.6,0,-1,2.6,4,1,.1068405982353813,.3024303090497066,.5555711108239829,-2.580310517102517,-.1129902126189738,743,.3024303090497066
tostitos,cheetos,4.266667,.333333,tostitos,546,ts3686,289,cheetos|tostitos,0,-3.933334,0,-1,3.933334,2,1,.0387030636637959,.2345577244832013,.3044641524259461,-2.302419984923863,-.0394719309161689,546,.2345577244832013
tostitos,stringCheese,4.266667,.7,tostitos,668,ts3686,290,stringCheese|tostitos,0,-3.566667,0,-1,3.566667,2,1,.0515192167813443,.2514845278343371,.3675037807197336,-2.486468185293322,-.052893749992956,668,.2514845278343371
raisins,doritos,4.566667,1.766667,raisins,1396,ts3686,291,doritos|raisins,1,-2.8,0,-1,2.8,4,1,.0922248060851173,.2912679956534877,.5164589140766566,-2.625440108900037,-.0967585148289531,1396,.2912679956534877
cheezIts,tostitos,1.133333,4.266667,tostitos,1491,ts3686,292,cheezIts|tostitos,0,3.133334,1,1,3.133334,13,1,.9281759813804878,.273303759752703,.450097279114301,-2.618022655246561,-.0745339290661164,1491,.273303759752703
jellyBean,redVines,2.666667,1.766667,jellyBean,2708,ts3686,293,jellyBean|redVines,1,-.8999999999999999,0,-1,.8999999999999999,7,1,.3240913637854145,.3909080804768568,.5833644548137461,-.7097419315246036,-.3916973656019538,2708,.3909080804768568
peanuts,stringCheese,3.833333,.7,peanuts,1608,ts3686,294,peanuts|stringCheese,0,-3.133333,0,-1,3.133333,3,1,.0718240730652868,.2733038122246905,.4500974766597484,-2.618022815173966,-.0745339877250102,1608,.2733038122246905
fruitSnacks,kindBar1,2.166667,3.666667,fruitSnacks,1319,ts3686,295,fruitSnacks|kindBar1,1,1.5,0,-1,1.5,10,1,.7729517511194848,.3639356681593131,-2.318855253358454,-1.579476074047262,-1.482592733951886,1319,.3639356681593131
sunChips,cheezIts,1.9,1.133333,sunChips,4099,ts3686,296,cheezIts|sunChips,1,-.766667,0,-1,.766667,7,1,.3483865165377645,.3955132631565869,.5341928909489166,-.533734077509905,-.428303709616537,4099,.3955132631565869
famousAmos,kindBar1,1.833333,3.666667,famousAmos,1351,ts3686,297,famousAmos|kindBar1,1,1.833334,0,-1,1.833334,11,1,.8171697724646738,.3460032623239124,-2.9962902552635,-2.008646303899495,-1.699197275123949,1351,.3460032623239124
animalCookies,twizzlers,2.533333,5,animalCookies,1058,ts3686,298,animalCookies|twizzlers,1,2.466667,0,-1,2.466667,12,1,.8823145932825919,.3099847634744307,-4.352752581737183,-2.527127267252116,-2.139740259510775,1058,.3099847634744307
kindBar1,lindtChoc,3.666667,2.633333,lindtChoc,4125,ts3686,299,kindBar1|lindtChoc,1,-1.033334,1,1,1.033334,6,1,.3007084225086274,.3857253849991823,-1.44520352587094,-.8981426492148471,-1.201614179707062,4125,.3857253849991823
lays,miniBagels,2.033333,1.066667,lays,1454,ts3686,300,lays|miniBagels,1,-.9666659999999998,0,-1,.9666659999999998,6,1,.3122806019861694,.3883852292598078,.6037420807991247,-.8027293844278762,-.3743743759670125,1454,.3883852292598078
riceKrispies,lays,.9666670000000001,2.033333,lays,930,ts3686,301,lays|riceKrispies,1,1.066666,1,1,1.066666,10,1,.7049847302124729,.3843466093650177,.6293655155263647,-.9465446418351232,-.349579135677522,930,.3843466093650177
jellyBean,cheetos,2.666667,.333333,jellyBean,11357,ts3686,302,cheetos|jellyBean,1,-2.333334,0,-1,2.333334,4,0,.1294714423186131,.3175958158423842,.6042002367821175,-2.454543984455964,-.1386547142449278,,
skittles,stringCheese,4.333333,.7,skittles,1091,ts3686,303,skittles|stringCheese,1,-3.633332999999999,0,-1,3.633332999999999,2,1,.0489227412908546,.2482994312435141,.3555052207650494,-2.456953738564672,-.0501599802946983,1091,.2482994312435141
twizzlers,fruitSnacks,5,2.166667,twizzlers,690,ts3686,304,fruitSnacks|twizzlers,1,-2.833333,0,-1,2.833333,3,1,.0899708604664959,.2894323678392227,.5098348159962363,-2.629132077820212,-.0942786585185283,690,.2894323678392227
doritos,chesapeake,1.766667,1.033333,chesapeake,4183,ts3686,305,chesapeake|doritos,1,-.7333339999999999,1,1,.7333339999999999,7,1,.3545917637789694,.3965675564504866,-.9465996070018262,-.4922965364261423,-1.036788112405432,4183,.3965675564504866
riceKrispies,goldfish,.9666670000000001,3.3,goldfish,1036,ts3686,306,goldfish|riceKrispies,0,2.333333,1,1,2.333333,12,1,.8705284656319483,.3175958730553662,.6042004074032182,-2.454543366108532,-.1386548199846449,1036,.3175958730553662
fruitSnacks,pistachios,2.166667,4.2,fruitSnacks,996,ts3686,307,fruitSnacks|pistachios,1,2.033333,0,-1,2.033333,11,1,.8403223666872984,.334743366371665,-3.41731039764677,-2.219049651691877,-1.834598287967314,996,.334743366371665
chesapeake,skittles,1.033333,4.333333,skittles,863,ts3686,308,chesapeake|skittles,0,3.3,1,1,3.3,13,1,.9367380112708558,.2646897038005187,.4175291256123519,-2.581361658306907,-.0653516396065651,863,.2646897038005187
doritos,pistachios,1.766667,4.2,pistachios,1024,ts3686,309,doritos|pistachios,1,2.433333,1,1,2.433333,12,1,.8794582244687318,.3118835148898501,.586636560557655,-2.510821749439966,-.1284492151154411,1024,.3118835148898501
cheezIts,pistachios,1.133333,4.2,pistachios,967,ts3686,310,cheezIts|pistachios,0,3.066667,1,1,3.066667,13,1,.9244605462552017,.2768220652944723,.4633086999943988,-2.626972050680946,-.0785449048306543,967,.2768220652944723
haribo,russetChips,4.366667,2.966667,russetChips,1319,ts3686,311,haribo|russetChips,1,-1.399999999999999,1,1,1.399999999999999,6,1,.2416996309356425,.3690005272347965,-2.1232410333802,-1.436922407635138,-1.42005951822611,1319,.3690005272347965
miniBagels,cheezIts,1.066667,1.133333,cheezIts,6729,ts3686,312,cheezIts|miniBagels,1,.0666659999999999,1,1,.0666659999999999,8,0,.5136082144098628,.4082505148010321,.0648515895563041,-.0044410634707418,-.6662945329456113,,
kindBar1,pretzelStx,3.666667,3.433333,pretzelStx,1678,ts3686,313,kindBar1|pretzelStx,1,-.2333339999999997,1,1,.2333339999999997,8,1,.4525025233886935,.407120064896728,-.2554995524152449,-.0539534438421269,-.7929619393081062,1678,.407120064896728
goldfish,tostitos,3.3,4.266667,goldfish,817,ts3686,314,goldfish|tostitos,1,.9666670000000002,0,-1,.9666670000000002,10,1,.6877195734100464,.3883851903707199,-1.329591633739139,-.8027307991143123,-1.163853691681429,817,.3883851903707199
reeses,kindBar1,.466667,3.666667,kindBar1,1116,ts3686,315,kindBar1|reeses,1,3.2,1,1,3.2,13,1,.9317221165292657,.2698263228307911,.4369784542126993,-2.605711937515155,-.0707206669849499,1116,.2698263228307911
haribo,lays,4.366667,2.033333,haribo,1930,ts3686,316,haribo|lays,1,-2.333334,0,-1,2.333334,4,1,.1294714423186131,.3175958158423842,.6042002367821175,-2.454543984455964,-.1386547142449278,1930,.3175958158423842
haribo,raisins,4.366667,4.566667,raisins,1125,ts3686,317,haribo|raisins,1,.2000000000000002,1,1,.2000000000000002,8,1,.5407445871350608,.4074458713506078,.1837021651459758,-.039734380579071,-.6148082241203615,1125,.4074458713506078
beefJerky,tostitos,2.5,4.266667,tostitos,1171,ts3686,318,beefJerky|tostitos,1,1.766667,1,1,1.766667,11,1,.8088943268304368,.3496916247718861,.6752401726029054,-1.929899769326912,-.2120869924202866,1171,.3496916247718861
lindtChoc,peanuts,2.633333,3.833333,peanuts,1272,ts3686,319,lindtChoc|peanuts,1,1.2,1,1,1.2,10,1,.7271168014008832,.3785280023348053,.6549196766378804,-1.142887441083447,-.3186681521788728,1272,.3785280023348053
pretzelStx,raisins,3.433333,4.566667,pretzelStx,754,ts3686,320,pretzelStx|raisins,1,1.133334,0,-1,1.133334,10,1,.716181151667545,.3814959255921822,-1.62334489868797,-1.044335274723006,-1.259419102323197,754,.3814959255921822
cheetos,raisins,.333333,4.566667,raisins,775,ts3686,321,cheetos|raisins,1,4.233334,1,1,4.233334,15,1,.9694503313720012,.2217875232013355,.2586539017832813,-2.123034872395935,-.0310260367907492,775,.2217875232013355
cheezIts,beefJerky,1.133333,2.5,cheezIts,5876,ts3686,322,beefJerky|cheezIts,1,1.366667,0,-1,1.366667,10,0,.7532758640023309,.3706475154552368,-2.058954530456947,-1.388516664062822,-1.399484424814202,,
pringles,sunChips,4.133333,1.9,pringles,3115,ts3686,323,pringles|sunChips,1,-2.233333,0,-1,2.233333,4,1,.1389582887051404,.3233209837447971,.6206802635774348,-2.387127440597813,-.1496123305537828,3115,.3233209837447971
haribo,cheetos,4.366667,.333333,cheetos,1102,ts3686,324,cheetos|haribo,1,-4.033334,1,1,4.033334,2,1,.0357763965774924,.2301934843097584,-7.778071686573032,-2.244722814315651,-3.33046691649606,1102,.2301934843097584
twizzlers,cheezIts,5,1.133333,twizzlers,2602,ts3686,325,cheezIts|twizzlers,0,-3.866667,0,-1,3.866667,2,1,.0407804390021755,.2375273386603111,.3153687554704499,-2.339394467290336,-.0416352824431724,2602,.2375273386603111
lays,chesapeake,2.033333,1.033333,lays,1370,ts3686,326,chesapeake|lays,1,-.9999999999999998,0,-1,.9999999999999998,6,1,.306464028280942,.387071943438116,.6129280565618839,-.8501753106030396,-.3659521707540469,1370,.387071943438116
goldfish,sunChips,3.3,1.9,goldfish,5559,ts3686,327,goldfish|sunChips,1,-1.4,0,-1,1.4,6,0,.2416996309356425,.3690005272347964,.676758966619799,-1.436922407635139,-.2766757065756986,,
kindBar2,pistachios,1.666667,4.2,kindBar2,1454,ts3686,328,kindBar2|pistachios,1,2.533333,0,-1,2.533333,12,1,.8878514347834049,.306198541434075,-4.498446677668295,-2.556104322729989,-2.187930811529811,1454,.306198541434075
skittles,stringCheese,4.333333,.7,skittles,1130,ts3686,329,skittles|stringCheese,0,-3.633332999999999,0,-1,3.633332999999999,2,1,.0489227412908546,.2482994312435141,.3555052207650494,-2.456953738564672,-.0501599802946983,1130,.2482994312435141
cheetos,beefJerky,.333333,2.5,beefJerky,1762,ts3686,330,beefJerky|cheetos,1,2.166667,1,1,2.166667,11,1,.8543983212601136,.3271368616036646,.6309407049406268,-2.335990635552211,-.1573577755954197,1762,.3271368616036646
raisins,beefJerky,4.566667,2.5,raisins,2433,ts3686,331,beefJerky|raisins,1,-2.066667,0,-1,2.066667,5,1,.1560584574358206,.3328466004094316,.6450417281070302,-2.25009407520424,-.1696720491496448,2433,.3328466004094316
twizzlers,fruitSnacks,5,2.166667,twizzlers,3135,ts3686,332,fruitSnacks|twizzlers,0,-2.833333,0,-1,2.833333,3,1,.0899708604664959,.2894323678392227,.5098348159962363,-2.629132077820212,-.0942786585185283,3135,.2894323678392227
sunChips,lays,1.9,2.033333,sunChips,1736,ts3686,333,lays|sunChips,1,.1333329999999999,0,-1,.1333329999999999,8,1,.5271964871794581,.4079483275626908,-.1405853784501973,-.0177250918958151,-.7490753830943685,1736,.4079483275626908
twizzlers,lindtChoc,5,2.633333,twizzlers,849,ts3686,334,lindtChoc|twizzlers,0,-2.366667,0,-1,2.366667,4,1,.1264339855898195,.3156895451790899,.5984542827478025,-2.474536475436601,-.135171577666984,849,.3156895451790899
fruitSnacks,cheetos,2.166667,.333333,fruitSnacks,1317,ts3686,335,cheetos|fruitSnacks,1,-1.833334,0,-1,1.833334,5,1,.1828302275353262,.3460032623239124,.6703777447364995,-2.008646303899496,-.2019084058751671,1317,.3460032623239124
skittles,tostitos,4.333333,4.266667,skittles,788,ts3686,336,skittles|tostitos,1,-.0666659999999997,0,-1,.0666659999999997,8,1,.4863917855901372,.4082505148010326,.0648515895563039,-.0044410634707418,-.6662945329456114,788,.4082505148010326
lindtChoc,russetChips,2.633333,2.966667,russetChips,1983,ts3686,337,lindtChoc|russetChips,1,.3333340000000002,1,1,.3333340000000002,9,1,.5676414590302225,.4058479424854498,.2882396037912399,-.1090780509865675,-.5662652936748318,1983,.4058479424854498
cheezIts,kindBar2,1.133333,1.666667,cheezIts,1284,ts3686,338,cheezIts|kindBar2,1,.533334,0,-1,.533334,9,1,.6072042168778128,.4020153107726593,-.6476853076086228,-.2713689340041981,-.9344654379917647,1284,.4020153107726593
tostitos,jellyBean,4.266667,2.666667,jellyBean,1806,ts3686,339,jellyBean|tostitos,1,-1.6,1,1,1.6,5,1,.2130354940876534,.3587056323904332,-2.518286418919509,-1.716750052827984,-1.546296488246262,1806,.3587056323904332
goldfish,russetChips,3.3,2.966667,russetChips,1669,ts3686,340,goldfish|russetChips,1,-.3333329999999997,1,1,.3333329999999997,7,1,.4323587414087546,.4058479573954299,-.3784271272999908,-.109077408572052,-.8384996154182158,1669,.4058479573954299
peanuts,cheetos,3.833333,.333333,peanuts,1454,ts3686,341,cheetos|peanuts,0,-3.5,0,-1,3.5,2,1,.054245677140704,.2547167559195977,.3797197399849281,-2.513851098960275,-.0557724446528034,1454,.2547167559195977
haribo,cheezIts,4.366667,1.133333,haribo,1383,ts3686,342,cheezIts|haribo,0,-3.233334,0,-1,3.233334,3,1,.0665662262487929,.2681033099278993,.4304616851638292,-2.598355542280925,-.0688852625435652,1383,.2681033099278993
cheetos,twizzlers,.333333,5,twizzlers,967,ts3686,343,cheetos|twizzlers,1,4.666667,1,1,4.666667,15,1,.9783588439503321,.2050109184779339,.2019841375576709,-1.844387826702771,-.0218787601399384,967,.2050109184779339
chesapeake,pretzelStx,1.033333,3.433333,pretzelStx,1434,ts3686,344,chesapeake|pretzelStx,1,2.4,1,1,2.4,12,1,.8765423171210662,.3137852642675552,.5925968778188822,-2.493293953929948,-.131770296127327,1434,.3137852642675552
animalCookies,goldfish,2.533333,3.3,goldfish,1774,ts3686,345,animalCookies|goldfish,1,.766667,1,1,.766667,9,1,.6516134834622356,.3955132631565869,.5341928909489164,-.5337340775099049,-.428303709616537,1774,.3955132631565869
raisins,kindBar1,4.566667,3.666667,kindBar1,1094,ts3686,346,kindBar1|raisins,1,-.8999999999999999,1,1,.8999999999999999,7,1,.3240913637854145,.3909080804768568,-1.216635545186254,-.7097419315246036,-1.126729815948647,1094,.3909080804768568
riceKrispies,cheezIts,.9666670000000001,1.133333,cheezIts,1018,ts3686,347,cheezIts|riceKrispies,1,.1666659999999999,1,1,.1666659999999999,8,1,.5339767009437046,.4077220422126254,.1553404783210329,-.0276492881146992,-.6274030721653747,1018,.4077220422126254
reeses,peanuts,.466667,3.833333,peanuts,866,ts3686,348,peanuts|reeses,1,3.366666,1,1,3.366666,13,1,.9398887942467206,.2613201275366909,.4047487052571406,-2.561485894659141,-.0619937147094073,866,.2613201275366909
tostitos,sunChips,4.266667,1.9,tostitos,717,ts3686,349,sunChips|tostitos,1,-2.366667,0,-1,2.366667,4,1,.1264339855898195,.3156895451790899,.5984542827478025,-2.474536475436601,-.135171577666984,717,.3156895451790899
pistachios,chesapeake,4.2,1.033333,chesapeake,890,ts3686,350,chesapeake|pistachios,0,-3.166667,1,1,3.166667,3,1,.0700301983346244,.2715598461507797,-5.889809363860581,-2.612275555036813,-2.658828725180718,890,.2715598461507797
miniBagels,beefJerky,1.066667,2.5,beefJerky,3353,ts3686,351,beefJerky|miniBagels,1,1.433333,1,1,1.433333,10,1,.7632547097095632,.3673322385092135,.6786696743357252,-1.484926753786337,-.2701634767873498,3353,.3673322385092135
riceKrispies,chesapeake,.9666670000000001,1.033333,chesapeake,3304,ts3686,352,chesapeake|riceKrispies,1,.066666,1,1,.066666,8,1,.5136082144098628,.4082505148010323,.0648515895563042,-.0044410634707418,-.6662945329456113,3304,.4082505148010323
raisins,famousAmos,4.566667,1.833333,famousAmos,1309,ts3686,353,famousAmos|raisins,1,-2.733334,1,1,2.733334,4,1,.096885338691308,.2949618753571221,-4.937028019307064,-2.614847424826274,-2.334227075028218,1309,.2949618753571221
raisins,peanuts,4.566667,3.833333,peanuts,1587,ts3686,354,peanuts|raisins,1,-.7333339999999997,1,1,.7333339999999997,7,1,.3545917637789694,.3965675564504866,-.946599607001826,-.492296536426142,-1.036788112405432,1587,.3965675564504866
pretzelStx,redVines,3.433333,1.766667,pretzelStx,1103,ts3686,355,pretzelStx|redVines,1,-1.666666,0,-1,1.666666,5,1,.2040501052557388,.3551400157491197,.6801667454523224,-1.804594776332876,-.2282190414201349,1103,.3551400157491197
cheetos,doritos,.333333,1.766667,cheetos,1805,ts3686,356,cheetos|doritos,1,1.433334,0,-1,1.433334,10,1,.763254857285229,.3673321881504645,-2.187998275224133,-1.484928187256434,-1.440771063642694,1805,.3673321881504645
riceKrispies,redVines,.9666670000000001,1.766667,redVines,1180,ts3686,357,redVines|riceKrispies,1,.7999999999999999,1,1,.7999999999999999,9,1,.6577677213532411,.394419303383103,.5475716458348141,-.5762799260134555,-.4189034170404234,1180,.394419303383103
peanuts,chesapeake,3.833333,1.033333,peanuts,1045,ts3686,358,chesapeake|peanuts,1,-2.8,0,-1,2.8,4,1,.0922248060851173,.2912679956534877,.5164589140766566,-2.625440108900037,-.0967585148289531,1045,.2912679956534877
pringles,jellyBean,4.133333,2.666667,pringles,971,ts3686,359,jellyBean|pringles,1,-1.466666,0,-1,1.466666,6,1,.2318614518113721,.3656436410043294,.6801266161647559,-1.532464953232075,-.2637851608175444,971,.3656436410043294
riceKrispies,cheetos,.9666670000000001,.333333,riceKrispies,1212,ts3686,360,cheetos|riceKrispies,1,-.6333340000000001,0,-1,.6333340000000001,7,1,.3734965292684388,.3994842239057469,.473096101735395,-.3754357715157421,-.4676009647865607,1212,.3994842239057469
raisins,cheezIts,4.566667,1.133333,raisins,1390,ts3686,361,cheezIts|raisins,0,-3.433334,0,-1,3.433334,2,1,.0571076936468461,.2579954681677657,.3921395725186017,-2.53891880981209,-.0588032061013791,1390,.2579954681677657
riceKrispies,pretzelStx,.9666670000000001,3.433333,pretzelStx,963,ts3686,362,pretzelStx|riceKrispies,1,2.466666,1,1,2.466666,12,1,.8823145084797875,.3099848203849143,.5805816012523928,-2.527126796356877,-.1252067009588829,963,.3099848203849143
jellyBean,raisins,2.666667,4.566667,jellyBean,1606,ts3686,363,jellyBean|raisins,1,1.9,0,-1,1.9,11,1,.8251642034428125,.342278108887171,-3.135623973082687,-2.083233397143354,-1.743908050930183,1606,.342278108887171
pringles,chesapeake,4.133333,1.033333,pringles,1060,ts3686,364,chesapeake|pringles,1,-3.100000000000001,0,-1,3.100000000000001,3,1,.0736602038009473,.2750579330316469,.4566932635658734,-2.622929497121967,-.0765141611069071,1060,.2750579330316469
cheezIts,stringCheese,1.133333,.7,cheezIts,1231,ts3686,365,cheezIts|stringCheese,1,-.433333,0,-1,.433333,7,1,.4124359741037196,.40414196886127,.3574442359325742,-.1820183843773186,-.5317700586527512,1231,.40414196886127
jellyBean,stringCheese,2.666667,.7,stringCheese,2054,ts3686,366,jellyBean|stringCheese,1,-1.966667,1,1,1.966667,5,1,.1671193268120618,.3385226611194861,-3.275997869793005,-2.153431762296091,-1.789047189912944,2054,.3385226611194861
stringCheese,reeses,.7,.466667,stringCheese,1072,ts3686,367,reeses|stringCheese,1,-.233333,0,-1,.233333,8,1,.4525027257218922,.4071200754124603,.2111676370017325,-.053952985572155,-.6023977957913482,1072,.4071200754124603
riceKrispies,twizzlers,.9666670000000001,5,twizzlers,729,ts3686,368,riceKrispies|twizzlers,0,4.033333,1,1,4.033333,14,1,.9642235752491555,.2301935274122695,.288596469139196,-2.244723403325591,-.0364320867296092,729,.2301935274122695
cheetos,raisins,.333333,4.566667,raisins,1536,ts3686,369,cheetos|raisins,0,4.233334,1,1,4.233334,15,1,.9694503313720012,.2217875232013355,.2586539017832813,-2.123034872395935,-.0310260367907492,1536,.2217875232013355
riceKrispies,peanuts,.9666670000000001,3.833333,peanuts,1951,ts3686,370,peanuts|riceKrispies,0,2.866666,1,1,2.866666,13,1,.9122333252898382,.2876047124358668,.503195484649361,-2.631781078624185,-.0918594824954614,1951,.2876047124358668
riceKrispies,raisins,.9666670000000001,4.566667,raisins,818,ts3686,371,raisins|riceKrispies,0,3.6,1,1,3.6,14,1,.9497949166896155,.2498860648275641,.3614765998347686,-2.471966186582228,-.0515091948612064,818,.2498860648275641
doritos,redVines,1.766667,1.766667,redVines,672,ts3686,372,doritos|redVines,1,0,1,1,0,8,1,.5,.4083513613037184,0,0,-.6931471805599453,672,.4083513613037184
haribo,lays,4.366667,2.033333,haribo,1132,ts3686,373,haribo|lays,0,-2.333334,0,-1,2.333334,4,1,.1294714423186131,.3175958158423842,.6042002367821175,-2.454543984455964,-.1386547142449278,1132,.3175958158423842
beefJerky,peanuts,2.5,3.833333,peanuts,1065,ts3686,374,beefJerky|peanuts,1,1.333333,1,1,1.333333,10,1,.7481814407582332,.3722722542054134,.6715159900990053,-1.339775134294707,-.2901097625638856,1065,.3722722542054134
redVines,haribo,1.766667,4.366667,haribo,2981,ts3686,375,haribo|redVines,1,2.6,1,1,2.6,12,1,.8931594017646187,.3024303090497067,.5555711108239826,-2.580310517102515,-.1129902126189738,2981,.3024303090497067
lindtChoc,fruitSnacks,2.633333,2.166667,fruitSnacks,2155,ts3686,376,fruitSnacks|lindtChoc,1,-.466666,1,1,.466666,7,1,.405855012446294,.4034790944860177,-.5545345295234755,-.2100562770753821,-.9017592953613977,2155,.4034790944860177
twizzlers,stringCheese,5,.7,twizzlers,905,ts3686,377,stringCheese|twizzlers,1,-4.3,0,-1,4.3,1,1,.0289777325884972,.2190801243774431,.2492085002610761,-2.081088225642879,-.0294058785011278,905,.2190801243774431
skittles,pringles,4.333333,4.133333,skittles,722,ts3686,378,pringles|skittles,1,-.1999999999999993,0,-1,.1999999999999993,8,1,.4592554128649394,.4074458713506077,.1837021651459751,-.0397343805790707,-.614808224120362,722,.4074458713506077
pringles,riceKrispies,4.133333,.9666670000000001,riceKrispies,1162,ts3686,379,pringles|riceKrispies,0,-3.166666,1,1,3.166666,3,1,.0700302515231998,.2715598983137471,-5.889807167060071,-2.61227573981872,-2.658827965671871,1162,.2715598983137471
cheetos,pringles,.333333,4.133333,pringles,977,ts3686,380,cheetos|pringles,0,3.8,1,1,3.8,14,1,.9570356666685064,.2405450877202665,.3265289333193516,-2.374998748932399,-.0439146189775757,977,.2405450877202665
skittles,cheezIts,4.333333,1.133333,skittles,824,ts3686,381,cheezIts|skittles,1,-3.2,0,-1,3.2,3,1,.0682778834707343,.2698263228307911,.4369784542126997,-2.605711937515157,-.0707206669849499,824,.2698263228307911
famousAmos,pistachios,1.833333,4.2,pistachios,1075,ts3686,382,famousAmos|pistachios,1,2.366667,1,1,2.366667,12,1,.8735660144101806,.3156895451790899,.5984542827478024,-2.4745364754366,-.135171577666984,1075,.3156895451790899
haribo,skittles,4.366667,4.333333,skittles,272,ts3686,383,haribo|skittles,1,-.033334,1,1,.033334,8,1,.4931944281819487,.4083261425602261,-.0337877138619658,-.0011109496997315,-.7068518050348609,272,.4083261425602261
reeses,fruitSnacks,.466667,2.166667,fruitSnacks,1329,ts3686,384,fruitSnacks|reeses,1,1.7,1,1,1.7,11,1,.8003358310461003,.3533362718189416,.678858174443259,-1.847269372098646,-.2227238505932549,1329,.3533362718189416
twizzlers,sunChips,5,1.9,twizzlers,852,ts3686,385,sunChips|twizzlers,0,-3.1,0,-1,3.1,3,1,.0736602038009473,.2750579330316469,.4566932635658735,-2.622929497121967,-.0765141611069071,852,.2750579330316469
beefJerky,kindBar1,2.5,3.666667,kindBar1,783,ts3686,386,beefJerky|kindBar1,1,1.166667,1,1,1.166667,10,1,.7216819721743041,.3800261294341987,.6494089171386423,-1.093555964603593,-.3261707188829371,783,.3800261294341987
lays,pretzelStx,2.033333,3.433333,pretzelStx,1507,ts3686,387,lays|pretzelStx,1,1.4,1,1,1.4,10,1,.7583003690643575,.3690005272347964,.6767589666197992,-1.43692240763514,-.2766757065756986,1507,.3690005272347964
sunChips,raisins,1.9,4.566667,raisins,1444,ts3686,388,raisins|sunChips,0,2.666667,1,1,2.666667,12,1,.8982449362709515,.2986836648677555,.5426937410583013,-2.599850484189579,-.1073124903314775,1444,.2986836648677555
reeses,skittles,.466667,4.333333,skittles,745,ts3686,389,reeses|skittles,0,3.866665999999999,1,1,3.866665999999999,14,1,.9592195290505297,.2375273835653401,.3153689209686094,-2.339395012019112,-.0416353157486811,745,.2375273835653401
pretzelStx,russetChips,3.433333,2.966667,russetChips,1368,ts3686,390,pretzelStx|russetChips,1,-.466666,1,1,.466666,7,1,.405855012446294,.4034790944860177,-.5545345295234755,-.2100562770753821,-.9017592953613977,1368,.4034790944860177
goldfish,miniBagels,3.3,1.066667,goldfish,1334,ts3686,391,goldfish|miniBagels,1,-2.233333,0,-1,2.233333,4,1,.1389582887051405,.3233209837447972,.6206802635774349,-2.387127440597812,-.1496123305537828,1334,.3233209837447972
reeses,kindBar1,.466667,3.666667,kindBar1,947,ts3686,392,kindBar1|reeses,0,3.2,1,1,3.2,13,1,.9317221165292657,.2698263228307911,.4369784542126993,-2.605711937515155,-.0707206669849499,947,.2698263228307911
twizzlers,jellyBean,5,2.666667,twizzlers,655,ts3686,393,jellyBean|twizzlers,1,-2.333333,0,-1,2.333333,4,1,.1294715343680516,.3175958730553662,.6042004074032179,-2.454543366108531,-.1386548199846446,655,.3175958730553662
kindBar1,stringCheese,3.666667,.7,kindBar1,925,ts3686,394,kindBar1|stringCheese,0,-2.966667,0,-1,2.966667,3,1,.08144416370793,.2821724421999975,.483235425629827,-2.633680704310283,-.0849525854374911,925,.2821724421999975
twizzlers,chesapeake,5,1.033333,twizzlers,593,ts3686,395,chesapeake|twizzlers,0,-3.966667,0,-1,3.966667,2,1,.0377028450553203,.2330909829056383,.2991092625741044,-2.283467331536445,-.0384319831401247,593,.2330909829056383
stringCheese,goldfish,.7,3.3,goldfish,1028,ts3686,396,goldfish|stringCheese,1,2.6,1,1,2.6,12,1,.8931594017646187,.3024303090497067,.5555711108239826,-2.580310517102515,-.1129902126189738,1028,.3024303090497067
stringCheese,pringles,.7,4.133333,pringles,817,ts3686,397,pringles|stringCheese,0,3.433333,1,1,3.433333,14,1,.9428922623766324,.2579955176946905,.3921397602752993,-2.538919167541779,-.0588032527414059,817,.2579955176946905
tostitos,chesapeake,4.266667,1.033333,tostitos,732,ts3686,398,chesapeake|tostitos,0,-3.233334,0,-1,3.233334,3,1,.0665662262487929,.2681033099278993,.430461685163829,-2.598355542280924,-.0688852625435652,732,.2681033099278993
doritos,twizzlers,1.766667,5,twizzlers,613,ts3686,399,doritos|twizzlers,0,3.233333,1,1,3.233333,13,1,.9334337230052318,.2681033614571909,.43046188018865,-2.598355774616469,-.0688853169084042,613,.2681033614571909
redVines,cheetos,1.766667,.333333,redVines,1293,ts3686,400,cheetos|redVines,1,-1.433334,0,-1,1.433334,6,1,.2367451427147711,.3673321881504645,.6786697247758673,-1.484928187256434,-.2701632834368867,1293,.3673321881504645
cheezIts,pretzelStx,1.133333,3.433333,pretzelStx,1294,ts3686,401,cheezIts|pretzelStx,1,2.3,1,1,2.3,12,1,.8674291091164915,.3195035731447752,.6098260980641391,-2.433312181214907,-.1422214890979736,1294,.3195035731447752
stringCheese,doritos,.7,1.766667,stringCheese,842,ts3686,402,doritos|stringCheese,1,1.066667,0,-1,1.066667,10,1,.7049849000713062,.3843465675253967,-1.50396825680872,-.946546099682514,-1.220728737753324,842,.3843465675253967
twizzlers,stringCheese,5,.7,twizzlers,1140,ts3686,403,stringCheese|twizzlers,0,-4.3,0,-1,4.3,1,1,.0289777325884972,.2190801243774431,.2492085002610761,-2.081088225642879,-.0294058785011278,1140,.2190801243774431
kindBar2,famousAmos,1.666667,1.833333,kindBar2,943,ts3686,404,famousAmos|kindBar2,1,.1666660000000002,0,-1,.1666660000000002,8,1,.5339767009437048,.4077220422126253,-.1779915216789672,-.0276492881146993,-.7635196481314658,943,.4077220422126253
kindBar1,twizzlers,3.666667,5,kindBar1,1058,ts3686,405,kindBar1|twizzlers,1,1.333333,0,-1,1.333333,10,1,.7481814407582332,.3722722542054134,-1.995150009900995,-1.339775134294707,-1.379046453806227,1058,.3722722542054134
animalCookies,doritos,2.533333,1.766667,animalCookies,2142,ts3686,406,animalCookies|doritos,1,-.7666659999999998,0,-1,.7666659999999998,7,1,.3483867019402098,.3955132953849269,.5341924784593857,-.5337328173385053,-.4283039941448294,2142,.3955132953849269
stringCheese,pistachios,.7,4.2,pistachios,2129,ts3686,407,pistachios|stringCheese,0,3.5,1,1,3.5,14,1,.9457543228592959,.2547167559195977,.3797197399849284,-2.513851098960277,-.0557724446528034,2129,.2547167559195977
haribo,goldfish,4.366667,3.3,goldfish,3874,ts3686,408,goldfish|haribo,1,-1.066667,1,1,1.066667,6,1,.2950150999286938,.3843465675253967,-1.50396825680872,-.9465460996825138,-1.220728737753324,3874,.3843465675253967
haribo,cheetos,4.366667,.333333,haribo,1003,ts3686,409,cheetos|haribo,0,-4.033334,0,-1,4.033334,2,1,.0357763965774924,.2301934843097584,.2885963134269673,-2.244722814315651,-.0364320575109172,1003,.2301934843097584
miniBagels,jellyBean,1.066667,2.666667,jellyBean,695,ts3686,410,jellyBean|miniBagels,1,1.6,1,1,1.6,11,1,.7869645059123465,.3587056323904332,.6817135810804913,-1.716750052827984,-.2395721320743628,695,.3587056323904332
twizzlers,haribo,5,4.366667,twizzlers,490,ts3686,411,haribo|twizzlers,1,-.6333330000000004,0,-1,.6333330000000004,7,1,.373496720374341,.3994842511780028,.4730955968096852,-.3754346635078249,-.4676012698222711,490,.3994842511780028
riceKrispies,fruitSnacks,.9666670000000001,2.166667,fruitSnacks,1314,ts3686,412,fruitSnacks|riceKrispies,1,1.2,1,1,1.2,10,1,.7271168014008831,.3785280023348053,.6549196766378804,-1.142887441083447,-.318668152178873,1314,.3785280023348053
twizzlers,beefJerky,5,2.5,twizzlers,955,ts3686,413,beefJerky|twizzlers,1,-2.5,0,-1,2.5,4,1,.1148879637374007,.3080896290100795,.5744398186870032,-2.542217988141859,-.1220410473396287,955,.3080896290100795
miniBagels,chesapeake,1.066667,1.033333,chesapeake,787,ts3686,414,chesapeake|miniBagels,1,-.033334,1,1,.033334,8,1,.4931944281819487,.4083261425602261,-.0337877138619658,-.0011109496997315,-.7068518050348609,787,.4083261425602261
cheetos,kindBar2,.333333,1.666667,kindBar2,808,ts3686,415,cheetos|kindBar2,1,1.333334,1,1,1.333334,10,1,.7481815946298727,.3722722058087062,.6715160834115467,-1.339776600838519,-.2901095569030456,808,.3722722058087062
pringles,animalCookies,4.133333,2.533333,pringles,550,ts3686,416,animalCookies|pringles,1,-1.600000000000001,0,-1,1.600000000000001,5,1,.2130354940876534,.3587056323904332,.6817135810804911,-1.716750052827985,-.2395721320743627,550,.3587056323904332
lays,pringles,2.033333,4.133333,pringles,415,ts3686,417,lays|pringles,1,2.100000000000001,1,1,2.100000000000001,11,1,.8474934697503319,.3309461616669828,.6405274270486061,-2.279939808802639,-.1654721450665607,415,.3309461616669828
russetChips,cheezIts,2.966667,1.133333,russetChips,779,ts3686,418,cheezIts|russetChips,1,-1.833334,0,-1,1.833334,5,1,.1828302275353262,.3460032623239124,.6703777447364994,-2.008646303899496,-.2019084058751671,779,.3460032623239124
russetChips,doritos,2.966667,1.766667,russetChips,686,ts3686,419,doritos|russetChips,1,-1.2,0,-1,1.2,6,1,.2728831985991168,.3785280023348053,.6549196766378804,-1.142887441083448,-.3186681521788728,686,.3785280023348053
riceKrispies,haribo,.9666670000000001,4.366667,haribo,591,ts3686,420,haribo|riceKrispies,0,3.399999999999999,1,1,3.399999999999999,13,1,.9414085956283308,.2596521150754887,.3984215497273506,-2.55052680685884,-.0603780193702162,591,.2596521150754887
pringles,tostitos,4.133333,4.266667,pringles,584,ts3686,421,pringles|tostitos,1,.1333339999999996,0,-1,.1333339999999996,8,1,.5271966907510609,.4079483215243068,-.1405864871292035,-.0177253569864406,-.7490758136572579,584,.4079483215243068
reeses,raisins,.466667,4.566667,raisins,378,ts3686,422,raisins|reeses,0,4.1,1,1,4.1,15,1,.9660550643404244,.2273439338245973,.2783484724085197,-2.204979601657705,-.0345344439713958,378,.2273439338245973
famousAmos,tostitos,1.833333,4.266667,tostitos,942,ts3686,423,famousAmos|tostitos,1,2.433334,1,1,2.433334,12,1,.8794583110485494,.3118834578800522,.586636380285978,-2.510822256898565,-.1284491166686804,942,.3118834578800522
famousAmos,beefJerky,1.833333,2.5,famousAmos,1152,ts3686,424,beefJerky|famousAmos,1,.6666669999999999,0,-1,.6666669999999999,9,1,.6328513501043308,.3985538510360669,-.8438022220400077,-.413068002001837,-1.001988472346708,1152,.3985538510360669
pringles,chesapeake,4.133333,1.033333,pringles,1090,ts3686,425,chesapeake|pringles,0,-3.100000000000001,0,-1,3.100000000000001,3,1,.0736602038009473,.2750579330316469,.4566932635658734,-2.622929497121967,-.0765141611069071,1090,.2750579330316469
peanuts,jellyBean,3.833333,2.666667,peanuts,757,ts3686,426,jellyBean|peanuts,1,-1.166666,0,-1,1.166666,6,1,.2783181918662686,.3800261739584961,.6494087432637043,-1.093554485909642,-.326170946186095,757,.3800261739584961
twizzlers,kindBar2,5,1.666667,twizzlers,614,ts3686,427,kindBar2|twizzlers,0,-3.333333,0,-1,3.333333,3,1,.0616677995956835,.2629993465425245,.4111186228593569,-2.571772022921524,-.0636512344615721,614,.2629993465425245
goldfish,pistachios,3.3,4.2,goldfish,737,ts3686,428,goldfish|pistachios,1,.9000000000000004,0,-1,.9000000000000004,9,1,.6759086362145856,.3909080804768568,-1.216635545186255,-.7097419315246042,-1.126729815948647,737,.3909080804768568
twizzlers,cheetos,5,.333333,twizzlers,940,ts3686,429,cheetos|twizzlers,0,-4.666667,0,-1,4.666667,1,1,.0216411560496679,.2050109184779339,.2019841375576714,-1.844387826702775,-.0218787601399384,940,.2050109184779339
russetChips,redVines,2.966667,1.766667,russetChips,705,ts3686,430,redVines|russetChips,1,-1.2,0,-1,1.2,6,1,.2728831985991168,.3785280023348053,.6549196766378804,-1.142887441083448,-.3186681521788728,705,.3785280023348053
pringles,lindtChoc,4.133333,2.633333,pringles,1426,ts3686,431,lindtChoc|pringles,1,-1.5,0,-1,1.5,6,1,.2270482488805151,.3639356681593132,.6811447466415456,-1.579476074047262,-.2575386500407303,1426,.3639356681593132
jellyBean,lindtChoc,2.666667,2.633333,lindtChoc,2428,ts3686,432,jellyBean|lindtChoc,1,-.033334,1,1,.033334,8,1,.4931944281819487,.4083261425602261,-.0337877138619658,-.0011109496997315,-.7068518050348609,2428,.4083261425602261
twizzlers,pistachios,5,4.2,twizzlers,1327,ts3686,433,pistachios|twizzlers,1,-.7999999999999998,0,-1,.7999999999999998,7,1,.3422322786467589,.3944193033831029,.5475716458348141,-.5762799260134552,-.4189034170404234,1327,.3944193033831029
raisins,chesapeake,4.566667,1.033333,raisins,1182,ts3686,434,chesapeake|raisins,0,-3.533334,0,-1,3.533334,2,1,.0528658335062394,.2530947634691544,.3735852939318694,-2.500437270056775,-.0543145205472519,1182,.2530947634691544
animalCookies,cheetos,2.533333,.333333,animalCookies,1932,ts3686,435,animalCookies|cheetos,1,-2.2,0,-1,2.2,4,1,.142247635244375,.3252294225051137,.6258895950752498,-2.362176433107638,-.1534398403186403,1932,.3252294225051137
