item1ID,item2ID,item1V,item2V, chosenID, RT, columbiaID
famousAmos, fruitSnacks,1.833333,2.166667, fruitSnacks,4859, ts3686
riceKrispies, raisins,0.966667,4.566667, raisins,1806, ts3686
kindBar2, lays,1.666667,2.033333, kindBar2,14151, ts3686
stringCheese, pretzelStx,0.7,3.433333, pretzelStx,2113, ts3686
reeses, russetChips,0.466667,2.966667, russetChips,1179, ts3686
tostitos, riceKrispies,4.266667,0.966667, tostitos,2914, ts3686
twizzlers, chesapeake,5,1.033333, twizzlers,2949, ts3686
beefJerky, animalCookies,2.5,2.533333, animalCookies,2294, ts3686
russetChips, skittles,2.966667,4.333333, skittles,1687, ts3686
miniBagels, twizzlers,1.066667,5, twizzlers,1113, ts3686
haribo, jellyBean,4.366667,2.666667, haribo,2500, ts3686
stringCheese, beefJerky,0.7,2.5, stringCheese,3321, ts3686
redVines, pringles,1.766667,4.133333, pringles,4046, ts3686
riceKrispies, goldfish,0.966667,3.3, goldfish,3204, ts3686
doritos, lindtChoc,1.766667,2.633333, lindtChoc,1232, ts3686
beefJerky, pringles,2.5,4.133333, pringles,1552, ts3686
animalCookies, kindBar1,2.533333,3.666667, kindBar1,2081, ts3686
twizzlers, russetChips,5,2.966667, twizzlers,3607, ts3686
goldfish, raisins,3.3,4.566667, goldfish,5805, ts3686
animalCookies, pretzelStx,2.533333,3.433333, animalCookies,1243, ts3686
twizzlers, reeses,5,0.466667, twizzlers,11589, ts3686
redVines, kindBar2,1.766667,1.666667, kindBar2,2059, ts3686
sunChips, pistachios,1.9,4.2, pistachios,3451, ts3686
tostitos, fruitSnacks,4.266667,2.166667, tostitos,2107, ts3686
lays, stringCheese,2.033333,0.7, lays,2913, ts3686
fruitSnacks, haribo,2.166667,4.366667, fruitSnacks,9422, ts3686
skittles, famousAmos,4.333333,1.833333, skittles,1533, ts3686
kindBar1, riceKrispies,3.666667,0.966667, kindBar1,1358, ts3686
skittles, cheetos,4.333333,0.333333, skittles,1316, ts3686
peanuts, fruitSnacks,3.833333,2.166667, peanuts,1735, ts3686
goldfish, skittles,3.3,4.333333, skittles,3299, ts3686
cheetos, pretzelStx,0.333333,3.433333, pretzelStx,1713, ts3686
animalCookies, lindtChoc,2.533333,2.633333, animalCookies,3612, ts3686
kindBar1, goldfish,3.666667,3.3, kindBar1,3086, ts3686
haribo, reeses,4.366667,0.466667, haribo,2100, ts3686
riceKrispies, pistachios,0.966667,4.2, pistachios,2382, ts3686
sunChips, stringCheese,1.9,0.7, stringCheese,3968, ts3686
beefJerky, pistachios,2.5,4.2, pistachios,2631, ts3686
raisins, chesapeake,4.566667,1.033333, raisins,2728, ts3686
miniBagels, riceKrispies,1.066667,0.966667, miniBagels,1936, ts3686
reeses, jellyBean,0.466667,2.666667, reeses,1961, ts3686
pringles, haribo,4.133333,4.366667, pringles,4568, ts3686
lays, cheetos,2.033333,0.333333, lays,2071, ts3686
famousAmos, reeses,1.833333,0.466667, famousAmos,1670, ts3686
russetChips, miniBagels,2.966667,1.066667, russetChips,1318, ts3686
reeses, kindBar2,0.466667,1.666667, kindBar2,3432, ts3686
riceKrispies, lindtChoc,0.966667,2.633333, lindtChoc,2121, ts3686
tostitos, redVines,4.266667,1.766667, tostitos,1974, ts3686
sunChips, skittles,1.9,4.333333, skittles,2239, ts3686
miniBagels, pringles,1.066667,4.133333, pringles,3156, ts3686
skittles, animalCookies,4.333333,2.533333, skittles,2336, ts3686
doritos, kindBar1,1.766667,3.666667, kindBar1,1841, ts3686
riceKrispies, beefJerky,0.966667,2.5, beefJerky,5636, ts3686
twizzlers, cheezIts,5,1.133333, twizzlers,3916, ts3686
kindBar1, miniBagels,3.666667,1.066667, kindBar1,1661, ts3686
skittles, kindBar2,4.333333,1.666667, skittles,1449, ts3686
goldfish, cheezIts,3.3,1.133333, goldfish,1072, ts3686
pringles, reeses,4.133333,0.466667, pringles,1428, ts3686
doritos, riceKrispies,1.766667,0.966667, riceKrispies,3116, ts3686
pistachios, miniBagels,4.2,1.066667, pistachios,5272, ts3686
famousAmos, sunChips,1.833333,1.9, sunChips,3178, ts3686
pistachios, chesapeake,4.2,1.033333, pistachios,1894, ts3686
redVines, animalCookies,1.766667,2.533333, animalCookies,2412, ts3686
raisins, redVines,4.566667,1.766667, raisins,2283, ts3686
russetChips, chesapeake,2.966667,1.033333, russetChips,1776, ts3686
tostitos, chesapeake,4.266667,1.033333, tostitos,1173, ts3686
stringCheese, pistachios,0.7,4.2, pistachios,1860, ts3686
lays, cheezIts,2.033333,1.133333, lays,2259, ts3686
stringCheese, raisins,0.7,4.566667, raisins,3452, ts3686
stringCheese, miniBagels,0.7,1.066667, miniBagels,2590, ts3686
riceKrispies, twizzlers,0.966667,5, twizzlers,1302, ts3686
pistachios, skittles,4.2,4.333333, skittles,748, ts3686
lindtChoc, kindBar2,2.633333,1.666667, kindBar2,2353, ts3686
beefJerky, russetChips,2.5,2.966667, russetChips,1285, ts3686
twizzlers, reeses,5,0.466667, twizzlers,1781, ts3686
tostitos, miniBagels,4.266667,1.066667, tostitos,3539, ts3686
famousAmos, animalCookies,1.833333,2.533333, animalCookies,1814, ts3686
russetChips, raisins,2.966667,4.566667, russetChips,3749, ts3686
russetChips, pringles,2.966667,4.133333, russetChips,1620, ts3686
stringCheese, raisins,0.7,4.566667, raisins,2220, ts3686
redVines, twizzlers,1.766667,5, twizzlers,2566, ts3686
cheezIts, lindtChoc,1.133333,2.633333, cheezIts,4462, ts3686
pretzelStx, jellyBean,3.433333,2.666667, pretzelStx,10097, ts3686
twizzlers, tostitos,5,4.266667, twizzlers,2628, ts3686
lays, kindBar1,2.033333,3.666667, kindBar1,3694, ts3686
chesapeake, famousAmos,1.033333,1.833333, chesapeake,8416, ts3686
pretzelStx, haribo,3.433333,4.366667, pretzelStx,1406, ts3686
doritos, sunChips,1.766667,1.9, sunChips,1271, ts3686
goldfish, redVines,3.3,1.766667, goldfish,1209, ts3686
peanuts, kindBar2,3.833333,1.666667, peanuts,1485, ts3686
cheezIts, fruitSnacks,1.133333,2.166667, fruitSnacks,2494, ts3686
redVines, stringCheese,1.766667,0.7, redVines,2527, ts3686
miniBagels, raisins,1.066667,4.566667, raisins,1701, ts3686
peanuts, skittles,3.833333,4.333333, peanuts,2174, ts3686
jellyBean, goldfish,2.666667,3.3, goldfish,2913, ts3686
jellyBean, cheezIts,2.666667,1.133333, jellyBean,1673, ts3686
beefJerky, skittles,2.5,4.333333, skittles,943, ts3686
tostitos, russetChips,4.266667,2.966667, russetChips,2306, ts3686
peanuts, twizzlers,3.833333,5, peanuts,658, ts3686
pistachios, raisins,4.2,4.566667, raisins,2512, ts3686
pistachios, tostitos,4.2,4.266667, tostitos,1317, ts3686
kindBar2, pringles,1.666667,4.133333, pringles,3566, ts3686
reeses, raisins,0.466667,4.566667, raisins,1949, ts3686
animalCookies, kindBar2,2.533333,1.666667, kindBar2,1462, ts3686
lays, famousAmos,2.033333,1.833333, lays,1597, ts3686
lays, skittles,2.033333,4.333333, skittles,880, ts3686
riceKrispies, skittles,0.966667,4.333333, skittles,868, ts3686
kindBar1, stringCheese,3.666667,0.7, kindBar1,1233, ts3686
miniBagels, lindtChoc,1.066667,2.633333, lindtChoc,4587, ts3686
kindBar2, haribo,1.666667,4.366667, kindBar2,2151, ts3686
chesapeake, kindBar1,1.033333,3.666667, kindBar1,1489, ts3686
sunChips, animalCookies,1.9,2.533333, sunChips,2585, ts3686
beefJerky, pretzelStx,2.5,3.433333, pretzelStx,1086, ts3686
fruitSnacks, animalCookies,2.166667,2.533333, fruitSnacks,1419, ts3686
cheetos, goldfish,0.333333,3.3, goldfish,1058, ts3686
reeses, lays,0.466667,2.033333, lays,4174, ts3686
animalCookies, peanuts,2.533333,3.833333, peanuts,1226, ts3686
miniBagels, twizzlers,1.066667,5, twizzlers,761, ts3686
stringCheese, haribo,0.7,4.366667, haribo,1339, ts3686
kindBar1, peanuts,3.666667,3.833333, peanuts,1534, ts3686
jellyBean, riceKrispies,2.666667,0.966667, riceKrispies,1274, ts3686
haribo, reeses,4.366667,0.466667, haribo,2108, ts3686
cheetos, kindBar1,0.333333,3.666667, kindBar1,1337, ts3686
famousAmos, doritos,1.833333,1.766667, famousAmos,1180, ts3686
redVines, sunChips,1.766667,1.9, redVines,1927, ts3686
lays, russetChips,2.033333,2.966667, russetChips,1419, ts3686
reeses, miniBagels,0.466667,1.066667, miniBagels,2399, ts3686
haribo, pistachios,4.366667,4.2, pistachios,10303, ts3686
reeses, pretzelStx,0.466667,3.433333, pretzelStx,1112, ts3686
twizzlers, lays,5,2.033333, twizzlers,2330, ts3686
chesapeake, sunChips,1.033333,1.9, sunChips,1362, ts3686
cheetos, pretzelStx,0.333333,3.433333, pretzelStx,1141, ts3686
pistachios, miniBagels,4.2,1.066667, pistachios,1639, ts3686
reeses, pretzelStx,0.466667,3.433333, pretzelStx,1178, ts3686
cheetos, pistachios,0.333333,4.2, pistachios,849, ts3686
jellyBean, kindBar1,2.666667,3.666667, jellyBean,2218, ts3686
lindtChoc, reeses,2.633333,0.466667, lindtChoc,1414, ts3686
sunChips, raisins,1.9,4.566667, raisins,4171, ts3686
redVines, pistachios,1.766667,4.2, redVines,2099, ts3686
pringles, famousAmos,4.133333,1.833333, pringles,1066, ts3686
lindtChoc, pistachios,2.633333,4.2, lindtChoc,850, ts3686
animalCookies, pistachios,2.533333,4.2, pistachios,1430, ts3686
tostitos, cheetos,4.266667,0.333333, tostitos,1103, ts3686
stringCheese, haribo,0.7,4.366667, haribo,1326, ts3686
lindtChoc, cheetos,2.633333,0.333333, lindtChoc,760, ts3686
pistachios, russetChips,4.2,2.966667, russetChips,1683, ts3686
raisins, cheezIts,4.566667,1.133333, raisins,4144, ts3686
animalCookies, chesapeake,2.533333,1.033333, animalCookies,1231, ts3686
lays, pistachios,2.033333,4.2, pistachios,1645, ts3686
haribo, famousAmos,4.366667,1.833333, haribo,1146, ts3686
peanuts, haribo,3.833333,4.366667, peanuts,782, ts3686
jellyBean, pistachios,2.666667,4.2, pistachios,768, ts3686
kindBar1, redVines,3.666667,1.766667, kindBar1,775, ts3686
tostitos, doritos,4.266667,1.766667, tostitos,1363, ts3686
skittles, cheetos,4.333333,0.333333, skittles,1004, ts3686
chesapeake, lindtChoc,1.033333,2.633333, lindtChoc,2696, ts3686
goldfish, peanuts,3.3,3.833333, peanuts,1908, ts3686
russetChips, kindBar2,2.966667,1.666667, russetChips,1512, ts3686
cheetos, miniBagels,0.333333,1.066667, miniBagels,4585, ts3686
redVines, chesapeake,1.766667,1.033333, chesapeake,4186, ts3686
pringles, goldfish,4.133333,3.3, goldfish,3127, ts3686
beefJerky, chesapeake,2.5,1.033333, beefJerky,1430, ts3686
riceKrispies, skittles,0.966667,4.333333, skittles,821, ts3686
chesapeake, haribo,1.033333,4.366667, chesapeake,1513, ts3686
lindtChoc, stringCheese,2.633333,0.7, lindtChoc,774, ts3686
famousAmos, twizzlers,1.833333,5, twizzlers,801, ts3686
cheezIts, pistachios,1.133333,4.2, pistachios,1897, ts3686
russetChips, fruitSnacks,2.966667,2.166667, russetChips,941, ts3686
cheetos, kindBar1,0.333333,3.666667, kindBar1,794, ts3686
kindBar2, goldfish,1.666667,3.3, kindBar2,873, ts3686
haribo, miniBagels,4.366667,1.066667, haribo,924, ts3686
kindBar1, russetChips,3.666667,2.966667, russetChips,1156, ts3686
pistachios, reeses,4.2,0.466667, pistachios,997, ts3686
riceKrispies, haribo,0.966667,4.366667, haribo,1390, ts3686
miniBagels, peanuts,1.066667,3.833333, peanuts,1060, ts3686
jellyBean, kindBar2,2.666667,1.666667, jellyBean,1642, ts3686
sunChips, haribo,1.9,4.366667, haribo,1582, ts3686
reeses, goldfish,0.466667,3.3, goldfish,1184, ts3686
tostitos, miniBagels,4.266667,1.066667, tostitos,743, ts3686
jellyBean, chesapeake,2.666667,1.033333, jellyBean,2999, ts3686
kindBar2, miniBagels,1.666667,1.066667, kindBar2,2312, ts3686
lays, raisins,2.033333,4.566667, raisins,1338, ts3686
redVines, twizzlers,1.766667,5, twizzlers,1159, ts3686
peanuts, cheezIts,3.833333,1.133333, peanuts,891, ts3686
pringles, riceKrispies,4.133333,0.966667, pringles,1628, ts3686
tostitos, animalCookies,4.266667,2.533333, tostitos,811, ts3686
russetChips, riceKrispies,2.966667,0.966667, russetChips,1112, ts3686
cheetos, pringles,0.333333,4.133333, pringles,865, ts3686
sunChips, peanuts,1.9,3.833333, peanuts,1224, ts3686
goldfish, doritos,3.3,1.766667, goldfish,1125, ts3686
kindBar2, doritos,1.666667,1.766667, kindBar2,1416, ts3686
haribo, cheezIts,4.366667,1.133333, haribo,2387, ts3686
russetChips, animalCookies,2.966667,2.533333, russetChips,863, ts3686
animalCookies, raisins,2.533333,4.566667, animalCookies,1518, ts3686
lindtChoc, haribo,2.633333,4.366667, lindtChoc,1074, ts3686
reeses, sunChips,0.466667,1.9, sunChips,8117, ts3686
raisins, fruitSnacks,4.566667,2.166667, raisins,2474, ts3686
skittles, twizzlers,4.333333,5, skittles,887, ts3686
animalCookies, reeses,2.533333,0.466667, animalCookies,1335, ts3686
tostitos, peanuts,4.266667,3.833333, tostitos,790, ts3686
pringles, fruitSnacks,4.133333,2.166667, pringles,879, ts3686
lindtChoc, skittles,2.633333,4.333333, skittles,1037, ts3686
twizzlers, sunChips,5,1.9, twizzlers,769, ts3686
reeses, goldfish,0.466667,3.3, goldfish,14719, ts3686
pringles, cheezIts,4.133333,1.133333, cheezIts,5165, ts3686
russetChips, sunChips,2.966667,1.9, russetChips,1809, ts3686
pringles, peanuts,4.133333,3.833333, peanuts,1222, ts3686
skittles, miniBagels,4.333333,1.066667, skittles,878, ts3686
sunChips, kindBar1,1.9,3.666667, kindBar1,1453, ts3686
goldfish, twizzlers,3.3,5, goldfish,679, ts3686
famousAmos, peanuts,1.833333,3.833333, peanuts,1023, ts3686
famousAmos, lindtChoc,1.833333,2.633333, lindtChoc,1299, ts3686
reeses, riceKrispies,0.466667,0.966667, riceKrispies,2199, ts3686
chesapeake, skittles,1.033333,4.333333, skittles,1073, ts3686
cheetos, peanuts,0.333333,3.833333, peanuts,1142, ts3686
redVines, famousAmos,1.766667,1.833333, redVines,1315, ts3686
jellyBean, fruitSnacks,2.666667,2.166667, fruitSnacks,1651, ts3686
goldfish, chesapeake,3.3,1.033333, goldfish,2952, ts3686
twizzlers, pretzelStx,5,3.433333, twizzlers,660, ts3686
redVines, peanuts,1.766667,3.833333, peanuts,808, ts3686
stringCheese, russetChips,0.7,2.966667, russetChips,3506, ts3686
doritos, peanuts,1.766667,3.833333, peanuts,754, ts3686
lays, jellyBean,2.033333,2.666667, jellyBean,5536, ts3686
peanuts, stringCheese,3.833333,0.7, peanuts,1123, ts3686
doritos, haribo,1.766667,4.366667, haribo,1116, ts3686
riceKrispies, peanuts,0.966667,3.833333, peanuts,672, ts3686
miniBagels, raisins,1.066667,4.566667, raisins,761, ts3686
sunChips, haribo,1.9,4.366667, haribo,1478, ts3686
kindBar1, cheezIts,3.666667,1.133333, kindBar1,771, ts3686
skittles, jellyBean,4.333333,2.666667, skittles,1143, ts3686
twizzlers, lindtChoc,5,2.633333, twizzlers,639, ts3686
stringCheese, cheetos,0.7,0.333333, stringCheese,1668, ts3686
beefJerky, reeses,2.5,0.466667, beefJerky,5672, ts3686
lindtChoc, sunChips,2.633333,1.9, lindtChoc,1432, ts3686
lays, peanuts,2.033333,3.833333, peanuts,657, ts3686
fruitSnacks, miniBagels,2.166667,1.066667, fruitSnacks,1186, ts3686
fruitSnacks, goldfish,2.166667,3.3, fruitSnacks,711, ts3686
pistachios, reeses,4.2,0.466667, pistachios,1010, ts3686
stringCheese, pringles,0.7,4.133333, pringles,1068, ts3686
raisins, kindBar2,4.566667,1.666667, kindBar2,886, ts3686
cheezIts, tostitos,1.133333,4.266667, tostitos,2273, ts3686
skittles, fruitSnacks,4.333333,2.166667, skittles,1164, ts3686
skittles, redVines,4.333333,1.766667, skittles,1343, ts3686
reeses, tostitos,0.466667,4.266667, tostitos,1221, ts3686
twizzlers, kindBar2,5,1.666667, twizzlers,2314, ts3686
fruitSnacks, pretzelStx,2.166667,3.433333, pretzelStx,2085, ts3686
haribo, miniBagels,4.366667,1.066667, haribo,1426, ts3686
lindtChoc, beefJerky,2.633333,2.5, lindtChoc,2512, ts3686
kindBar1, pringles,3.666667,4.133333, pringles,1677, ts3686
skittles, redVines,4.333333,1.766667, skittles,905, ts3686
stringCheese, russetChips,0.7,2.966667, russetChips,1113, ts3686
goldfish, famousAmos,3.3,1.833333, goldfish,1457, ts3686
fruitSnacks, stringCheese,2.166667,0.7, fruitSnacks,1559, ts3686
cheetos, sunChips,0.333333,1.9, sunChips,1355, ts3686
russetChips, famousAmos,2.966667,1.833333, russetChips,2935, ts3686
pistachios, pretzelStx,4.2,3.433333, pretzelStx,2894, ts3686
reeses, tostitos,0.466667,4.266667, tostitos,1403, ts3686
tostitos, stringCheese,4.266667,0.7, tostitos,713, ts3686
pretzelStx, kindBar2,3.433333,1.666667, pretzelStx,611, ts3686
cheetos, goldfish,0.333333,3.3, cheetos,807, ts3686
lays, tostitos,2.033333,4.266667, tostitos,2452, ts3686
cheetos, pistachios,0.333333,4.2, pistachios,914, ts3686
tostitos, riceKrispies,4.266667,0.966667, tostitos,916, ts3686
reeses, skittles,0.466667,4.333333, skittles,1457, ts3686
pretzelStx, skittles,3.433333,4.333333, skittles,1676, ts3686
goldfish, lays,3.3,2.033333, goldfish,776, ts3686
chesapeake, haribo,1.033333,4.366667, haribo,1800, ts3686
pretzelStx, miniBagels,3.433333,1.066667, pretzelStx,632, ts3686
redVines, reeses,1.766667,0.466667, redVines,1392, ts3686
peanuts, russetChips,3.833333,2.966667, peanuts,2656, ts3686
doritos, pringles,1.766667,4.133333, pringles,950, ts3686
skittles, doritos,4.333333,1.766667, skittles,1134, ts3686
famousAmos, stringCheese,1.833333,0.7, stringCheese,1847, ts3686
animalCookies, stringCheese,2.533333,0.7, animalCookies,1684, ts3686
doritos, twizzlers,1.766667,5, twizzlers,936, ts3686
haribo, kindBar1,4.366667,3.666667, haribo,1622, ts3686
pretzelStx, tostitos,3.433333,4.266667, pretzelStx,728, ts3686
twizzlers, lays,5,2.033333, twizzlers,882, ts3686
beefJerky, doritos,2.5,1.766667, beefJerky,1821, ts3686
miniBagels, animalCookies,1.066667,2.533333, animalCookies,1386, ts3686
doritos, fruitSnacks,1.766667,2.166667, fruitSnacks,880, ts3686
russetChips, cheetos,2.966667,0.333333, russetChips,750, ts3686
famousAmos, riceKrispies,1.833333,0.966667, famousAmos,3389, ts3686
raisins, lindtChoc,4.566667,2.633333, raisins,1470, ts3686
reeses, cheetos,0.466667,0.333333, reeses,6511, ts3686
pringles, reeses,4.133333,0.466667, pringles,2494, ts3686
pretzelStx, doritos,3.433333,1.766667, pretzelStx,993, ts3686
tostitos, kindBar2,4.266667,1.666667, tostitos,743, ts3686
tostitos, cheetos,4.266667,0.333333, tostitos,546, ts3686
tostitos, stringCheese,4.266667,0.7, tostitos,668, ts3686
raisins, doritos,4.566667,1.766667, raisins,1396, ts3686
cheezIts, tostitos,1.133333,4.266667, tostitos,1491, ts3686
jellyBean, redVines,2.666667,1.766667, jellyBean,2708, ts3686
peanuts, stringCheese,3.833333,0.7, peanuts,1608, ts3686
fruitSnacks, kindBar1,2.166667,3.666667, fruitSnacks,1319, ts3686
sunChips, cheezIts,1.9,1.133333, sunChips,4099, ts3686
famousAmos, kindBar1,1.833333,3.666667, famousAmos,1351, ts3686
animalCookies, twizzlers,2.533333,5, animalCookies,1058, ts3686
kindBar1, lindtChoc,3.666667,2.633333, lindtChoc,4125, ts3686
lays, miniBagels,2.033333,1.066667, lays,1454, ts3686
riceKrispies, lays,0.966667,2.033333, lays,930, ts3686
jellyBean, cheetos,2.666667,0.333333, jellyBean,11357, ts3686
skittles, stringCheese,4.333333,0.7, skittles,1091, ts3686
twizzlers, fruitSnacks,5,2.166667, twizzlers,690, ts3686
doritos, chesapeake,1.766667,1.033333, chesapeake,4183, ts3686
riceKrispies, goldfish,0.966667,3.3, goldfish,1036, ts3686
fruitSnacks, pistachios,2.166667,4.2, fruitSnacks,996, ts3686
chesapeake, skittles,1.033333,4.333333, skittles,863, ts3686
doritos, pistachios,1.766667,4.2, pistachios,1024, ts3686
cheezIts, pistachios,1.133333,4.2, pistachios,967, ts3686
haribo, russetChips,4.366667,2.966667, russetChips,1319, ts3686
miniBagels, cheezIts,1.066667,1.133333, cheezIts,6729, ts3686
kindBar1, pretzelStx,3.666667,3.433333, pretzelStx,1678, ts3686
goldfish, tostitos,3.3,4.266667, goldfish,817, ts3686
reeses, kindBar1,0.466667,3.666667, kindBar1,1116, ts3686
haribo, lays,4.366667,2.033333, haribo,1930, ts3686
haribo, raisins,4.366667,4.566667, raisins,1125, ts3686
beefJerky, tostitos,2.5,4.266667, tostitos,1171, ts3686
lindtChoc, peanuts,2.633333,3.833333, peanuts,1272, ts3686
pretzelStx, raisins,3.433333,4.566667, pretzelStx,754, ts3686
cheetos, raisins,0.333333,4.566667, raisins,775, ts3686
cheezIts, beefJerky,1.133333,2.5, cheezIts,5876, ts3686
pringles, sunChips,4.133333,1.9, pringles,3115, ts3686
haribo, cheetos,4.366667,0.333333, cheetos,1102, ts3686
twizzlers, cheezIts,5,1.133333, twizzlers,2602, ts3686
lays, chesapeake,2.033333,1.033333, lays,1370, ts3686
goldfish, sunChips,3.3,1.9, goldfish,5559, ts3686
kindBar2, pistachios,1.666667,4.2, kindBar2,1454, ts3686
skittles, stringCheese,4.333333,0.7, skittles,1130, ts3686
cheetos, beefJerky,0.333333,2.5, beefJerky,1762, ts3686
raisins, beefJerky,4.566667,2.5, raisins,2433, ts3686
twizzlers, fruitSnacks,5,2.166667, twizzlers,3135, ts3686
sunChips, lays,1.9,2.033333, sunChips,1736, ts3686
twizzlers, lindtChoc,5,2.633333, twizzlers,849, ts3686
fruitSnacks, cheetos,2.166667,0.333333, fruitSnacks,1317, ts3686
skittles, tostitos,4.333333,4.266667, skittles,788, ts3686
lindtChoc, russetChips,2.633333,2.966667, russetChips,1983, ts3686
cheezIts, kindBar2,1.133333,1.666667, cheezIts,1284, ts3686
tostitos, jellyBean,4.266667,2.666667, jellyBean,1806, ts3686
goldfish, russetChips,3.3,2.966667, russetChips,1669, ts3686
peanuts, cheetos,3.833333,0.333333, peanuts,1454, ts3686
haribo, cheezIts,4.366667,1.133333, haribo,1383, ts3686
cheetos, twizzlers,0.333333,5, twizzlers,967, ts3686
chesapeake, pretzelStx,1.033333,3.433333, pretzelStx,1434, ts3686
animalCookies, goldfish,2.533333,3.3, goldfish,1774, ts3686
raisins, kindBar1,4.566667,3.666667, kindBar1,1094, ts3686
riceKrispies, cheezIts,0.966667,1.133333, cheezIts,1018, ts3686
reeses, peanuts,0.466667,3.833333, peanuts,866, ts3686
tostitos, sunChips,4.266667,1.9, tostitos,717, ts3686
pistachios, chesapeake,4.2,1.033333, chesapeake,890, ts3686
miniBagels, beefJerky,1.066667,2.5, beefJerky,3353, ts3686
riceKrispies, chesapeake,0.966667,1.033333, chesapeake,3304, ts3686
raisins, famousAmos,4.566667,1.833333, famousAmos,1309, ts3686
raisins, peanuts,4.566667,3.833333, peanuts,1587, ts3686
pretzelStx, redVines,3.433333,1.766667, pretzelStx,1103, ts3686
cheetos, doritos,0.333333,1.766667, cheetos,1805, ts3686
riceKrispies, redVines,0.966667,1.766667, redVines,1180, ts3686
peanuts, chesapeake,3.833333,1.033333, peanuts,1045, ts3686
pringles, jellyBean,4.133333,2.666667, pringles,971, ts3686
riceKrispies, cheetos,0.966667,0.333333, riceKrispies,1212, ts3686
raisins, cheezIts,4.566667,1.133333, raisins,1390, ts3686
riceKrispies, pretzelStx,0.966667,3.433333, pretzelStx,963, ts3686
jellyBean, raisins,2.666667,4.566667, jellyBean,1606, ts3686
pringles, chesapeake,4.133333,1.033333, pringles,1060, ts3686
cheezIts, stringCheese,1.133333,0.7, cheezIts,1231, ts3686
jellyBean, stringCheese,2.666667,0.7, stringCheese,2054, ts3686
stringCheese, reeses,0.7,0.466667, stringCheese,1072, ts3686
riceKrispies, twizzlers,0.966667,5, twizzlers,729, ts3686
cheetos, raisins,0.333333,4.566667, raisins,1536, ts3686
riceKrispies, peanuts,0.966667,3.833333, peanuts,1951, ts3686
riceKrispies, raisins,0.966667,4.566667, raisins,818, ts3686
doritos, redVines,1.766667,1.766667, redVines,672, ts3686
haribo, lays,4.366667,2.033333, haribo,1132, ts3686
beefJerky, peanuts,2.5,3.833333, peanuts,1065, ts3686
redVines, haribo,1.766667,4.366667, haribo,2981, ts3686
lindtChoc, fruitSnacks,2.633333,2.166667, fruitSnacks,2155, ts3686
twizzlers, stringCheese,5,0.7, twizzlers,905, ts3686
skittles, pringles,4.333333,4.133333, skittles,722, ts3686
pringles, riceKrispies,4.133333,0.966667, riceKrispies,1162, ts3686
cheetos, pringles,0.333333,4.133333, pringles,977, ts3686
skittles, cheezIts,4.333333,1.133333, skittles,824, ts3686
famousAmos, pistachios,1.833333,4.2, pistachios,1075, ts3686
haribo, skittles,4.366667,4.333333, skittles,272, ts3686
reeses, fruitSnacks,0.466667,2.166667, fruitSnacks,1329, ts3686
twizzlers, sunChips,5,1.9, twizzlers,852, ts3686
beefJerky, kindBar1,2.5,3.666667, kindBar1,783, ts3686
lays, pretzelStx,2.033333,3.433333, pretzelStx,1507, ts3686
sunChips, raisins,1.9,4.566667, raisins,1444, ts3686
reeses, skittles,0.466667,4.333333, skittles,745, ts3686
pretzelStx, russetChips,3.433333,2.966667, russetChips,1368, ts3686
goldfish, miniBagels,3.3,1.066667, goldfish,1334, ts3686
reeses, kindBar1,0.466667,3.666667, kindBar1,947, ts3686
twizzlers, jellyBean,5,2.666667, twizzlers,655, ts3686
kindBar1, stringCheese,3.666667,0.7, kindBar1,925, ts3686
twizzlers, chesapeake,5,1.033333, twizzlers,593, ts3686
stringCheese, goldfish,0.7,3.3, goldfish,1028, ts3686
stringCheese, pringles,0.7,4.133333, pringles,817, ts3686
tostitos, chesapeake,4.266667,1.033333, tostitos,732, ts3686
doritos, twizzlers,1.766667,5, twizzlers,613, ts3686
redVines, cheetos,1.766667,0.333333, redVines,1293, ts3686
cheezIts, pretzelStx,1.133333,3.433333, pretzelStx,1294, ts3686
stringCheese, doritos,0.7,1.766667, stringCheese,842, ts3686
twizzlers, stringCheese,5,0.7, twizzlers,1140, ts3686
kindBar2, famousAmos,1.666667,1.833333, kindBar2,943, ts3686
kindBar1, twizzlers,3.666667,5, kindBar1,1058, ts3686
animalCookies, doritos,2.533333,1.766667, animalCookies,2142, ts3686
stringCheese, pistachios,0.7,4.2, pistachios,2129, ts3686
haribo, goldfish,4.366667,3.3, goldfish,3874, ts3686
haribo, cheetos,4.366667,0.333333, haribo,1003, ts3686
miniBagels, jellyBean,1.066667,2.666667, jellyBean,695, ts3686
twizzlers, haribo,5,4.366667, twizzlers,490, ts3686
riceKrispies, fruitSnacks,0.966667,2.166667, fruitSnacks,1314, ts3686
twizzlers, beefJerky,5,2.5, twizzlers,955, ts3686
miniBagels, chesapeake,1.066667,1.033333, chesapeake,787, ts3686
cheetos, kindBar2,0.333333,1.666667, kindBar2,808, ts3686
pringles, animalCookies,4.133333,2.533333, pringles,550, ts3686
lays, pringles,2.033333,4.133333, pringles,415, ts3686
russetChips, cheezIts,2.966667,1.133333, russetChips,779, ts3686
russetChips, doritos,2.966667,1.766667, russetChips,686, ts3686
riceKrispies, haribo,0.966667,4.366667, haribo,591, ts3686
pringles, tostitos,4.133333,4.266667, pringles,584, ts3686
reeses, raisins,0.466667,4.566667, raisins,378, ts3686
famousAmos, tostitos,1.833333,4.266667, tostitos,942, ts3686
famousAmos, beefJerky,1.833333,2.5, famousAmos,1152, ts3686
pringles, chesapeake,4.133333,1.033333, pringles,1090, ts3686
peanuts, jellyBean,3.833333,2.666667, peanuts,757, ts3686
twizzlers, kindBar2,5,1.666667, twizzlers,614, ts3686
goldfish, pistachios,3.3,4.2, goldfish,737, ts3686
twizzlers, cheetos,5,0.333333, twizzlers,940, ts3686
russetChips, redVines,2.966667,1.766667, russetChips,705, ts3686
pringles, lindtChoc,4.133333,2.633333, pringles,1426, ts3686
jellyBean, lindtChoc,2.666667,2.633333, lindtChoc,2428, ts3686
twizzlers, pistachios,5,4.2, twizzlers,1327, ts3686
raisins, chesapeake,4.566667,1.033333, raisins,1182, ts3686
animalCookies, cheetos,2.533333,0.333333, animalCookies,1932, ts3686
