bin,n,n_rt,n_right,pj,ej,mean_delta,tj,gj,g_all,lower,upper,dj,tfit,residual,choice_resid,weighted_choice_sq,choice_sq,rt_curve,dot_curve_gap
1,5,4,0,0.0,0.025547692647342392,-4.4666666,1191.5,0.21328497349918657,0.21262172415068248,-4.666667,-4.044444733333334,-4.458572833031624,1265.4289505066217,-73.92895050662173,-0.025547692647342392,0.003263422998015363,0.0006526845996030725,1264.0948156148502,1.334134891771555
2,25,25,1,0.04,0.04479107839900374,-3.76133352,1630.84,0.2425288388340589,0.2425288388340589,-4.044444733333334,-3.4222224666666667,-3.746676754026797,1350.6173013786884,280.22269862131157,-0.004791078399003737,0.0005738608056350054,2.2954432225400213e-05,1351.9706768134497,1.3533754347613467
3,34,34,4,0.11764705882352941,0.0719175019295784,-3.138235294117647,1617.6470588235295,0.27313078430744453,0.27313078430744453,-3.4222224666666667,-2.8000002000000004,-3.1316180308070938,1439.7617847943584,177.88527402917111,0.045729556893951015,0.0711005407063815,0.002091192373717103,1440.5279978212043,0.7662130268458895
4,34,33,1,0.029411764705882353,0.11683000989676846,-2.486274558823529,1339.2727272727273,0.308661100249262,0.30892388600231163,-2.8000002000000004,-2.1777779333333336,-2.4767858227956094,1543.2627750494871,-203.99004777675987,-0.08741824519088612,0.25982628613663206,0.007641949592253884,1545.4416148209561,2.178839771469029
5,34,33,3,0.08823529411764706,0.17987571541628716,-1.8666665882352942,1489.3030303030303,0.34429783653714696,0.3440168227091204,-2.1777779333333336,-1.5555556666666668,-1.8577013529614312,1647.0737713067947,-157.77074100376444,-0.0916404212986401,0.2855308717369365,0.00839796681579225,1648.086773532661,1.0130022258663303
6,34,33,8,0.23529411764705882,0.2630899165598446,-1.2676470588235293,1763.121212121212,0.3752005630602629,0.37501820906590155,-1.5555556666666668,-0.9333334000000004,-1.2611320997167028,1737.0944399088858,26.02677221232625,-0.027795798912785774,0.026268618864800777,0.0007726064372000228,1738.5789679567106,1.4845280478248242
7,34,33,13,0.38235294117647056,0.3655025744738888,-0.6784313235294118,2070.4242424242425,0.39771879626588263,0.3976539285935392,-0.9333334000000004,-0.3111111333333332,-0.675349660889989,1802.6908010387478,267.73344138549464,0.016850366702581776,0.009653785172390206,0.00028393485801147666,1804.3971568278248,1.7063557890769516
8,34,31,18,0.5294117647058824,0.5008107761160194,0.003921411764705886,1639.1935483870968,0.4078881235062508,0.4078956676401157,-0.3111111333333332,0.3111111333333332,0.0039709764846248795,1832.3143890003676,-193.12084061327073,0.02860098858986293,0.027812562642793963,0.0008180165483174695,1833.6627735498146,1.3483845494470188
9,34,31,22,0.6470588235294118,0.625424999927952,0.6313726176470588,1826.3225806451612,0.39875314570055437,0.3988405283258566,0.3111111333333332,0.9333333999999995,0.6276939627901751,1805.7038952913763,20.61868535378494,0.021633823601459823,0.015912759003048723,0.00046802232361908006,1808.2798343329405,2.5759390415641974
10,34,30,20,0.5882352941176471,0.7334003997239962,1.2450980588235294,1619.3,0.3770419275006433,0.37608522670598804,0.9333333999999995,1.5555556666666668,1.239060265371955,1742.4583956730853,-123.15839567308535,-0.1451651056063491,0.7164788681138845,0.021072907885702485,1741.5723704851616,0.8860251879236785
11,34,34,24,0.7058823529411765,0.8112301941510088,1.7941176470588236,1676.8823529411766,0.34802956608032776,0.34802956608032776,1.5555556666666668,2.177777933333333,1.7852561268776832,1657.9444233920735,18.937929549103046,-0.10534784120983232,0.3773377000174495,0.011098167647572044,1659.8020896189237,1.8576662268501423
12,35,34,29,0.8285714285714286,0.8804821476095549,2.452380942857143,1849.3235294117646,0.31041119800527833,0.31083457584845753,2.177777933333333,2.8000001999999995,2.445202941592785,1548.3608679312838,300.96266148048085,-0.051910719038126274,0.094315296286935,0.0026947227510552858,1550.6790934165338,2.318225485249968
13,34,33,32,0.9411764705882353,0.9291480154934804,3.161764647058823,1304.121212121212,0.271420963864782,0.2719507110407266,2.8000001999999995,3.422222466666666,3.151299740750612,1434.7810210639195,-130.6598089427075,0.01202845509475492,0.00491924688686221,0.00014468373196653558,1437.52389069419,2.742869630270434
14,25,25,25,1.0,0.9541321583979123,3.7293332799999996,1311.0,0.24398573072230634,0.24398573072230634,3.422222466666666,4.044444733333334,3.716208916235298,1354.8612758306801,-43.86127583068014,0.04586784160208768,0.052596472330855126,0.002103858893234205,1356.0859734865476,1.2246976558674305
15,5,5,5,1.0,0.9698739270808341,4.266667,1121.0,0.22065476650869686,0.22065476650869686,4.044444733333334,4.666667,4.250965483419448,1286.8974022847801,-165.89740228478013,0.030126072919165914,0.00453790134765451,0.0009075802695309019,1288.0980243794124,1.2006220946323083
