dj,nj,mj,tj,bin,n,pj,ej,gj,loglik,score,tfit,residual,choice_resid,weighted_choice_sq,choice_sq
-9.3315,1,71,848.32,1,72,0.013888888888888888,0.003166432268200085,0.10648525268859238,-5.980323169954725,-14.40815096965789,822.0253057697096,26.294694230290474,0.010722456620688804,0.008277917470743829,0.00011497107598255317
-7.8358,11,206,817.78,2,217,0.05069124423963134,0.0079230678862141,0.125597113788965,-54.85639684375682,-145.44332830122636,872.7977618645964,-55.01776186459642,0.04276817635341724,0.3969183691655484,0.0018291169085969973
-6.6015,19,405,921.57,3,424,0.04481132075471698,0.01680395721786056,0.14638977286439125,-84.50010851819987,-156.7872376094969,928.0354158250706,-6.465415825070522,0.028007363536856417,0.332590862809109,0.0007844124122856344
-5.2565,95,1098,991.17,4,1193,0.07963118189438391,0.037683172012859846,0.17590291181856374,-353.63732712766347,-526.1123174661636,1006.4398445671675,-15.269844567167524,0.04194800988152406,2.099245190893386,0.0017596355330204406
-3.9613,218,2017,1094.8,5,2235,0.09753914988814318,0.08004299279294669,0.21202989281652654,-718.7666850252892,-309.80464614237235,1102.4145665958931,-7.614566595893166,0.017496157095196488,0.6841681717780405,0.0003061155130997944
-2.656,595,2957,1176.6,6,3552,0.16751126126126126,0.16285047100392186,0.25387765737656487,-1605.4934650971015,-87.94083459249778,1213.5870880805894,-36.9870880805895,0.004660790257339398,0.07715997460297579,2.1722965822909848e-05
-1.3475,1243,3454,1335.8,7,4697,0.2646370023419204,0.3035171556269344,0.29162574303980054,-2731.403863165505,492.16111554532023,1313.8684270845283,21.931572915471634,-0.038880153285013985,7.100296702532665,0.0015116663194661838
-0.0281,2800,2639,1438.0,8,5439,0.5148005148005148,0.49566986683829534,0.30819453108217904,-3771.6258235305595,-5.847699597777948,1357.8849704765662,80.1150295234338,0.01913064796221947,1.9905744198203295,0.00036598169145437204
1.2947,3605,1165,1302.1,9,4770,0.7557651991614256,0.6895591017036508,0.2928232049179745,-2702.761267914365,817.7405079716629,1317.0495971608275,-14.94959716082758,0.06620609745777484,20.90808981460657,0.004383247340588379
2.6073,3175,474,1180.2,10,3649,0.8701013976431899,0.8330155174967152,0.25544856172800623,-1428.4730329905117,705.6729237024828,1217.7603432017909,-37.56034320179083,0.03708588014647474,5.018697785264976,0.001375362506238689
3.9377,2066,197,1083.9,11,2263,0.9129474149359258,0.9188792467444852,0.2127532553239125,-669.6126016450013,-105.71728563346521,1104.3362471142925,-20.436247114292428,-0.005931831808559385,0.0796273405331985,3.51866286050369e-05
5.1851,1116,82,995.76,12,1198,0.9315525876460768,0.9606879604341101,0.17769684690135584,-310.1282837582879,-361.9632921779829,1011.2056017977054,-15.445601797705422,-0.029135372788033242,1.0169461971022062,0.0008488699474976679
6.5403,422,16,929.64,13,438,0.9634703196347032,0.9825612882301268,0.14756549033840244,-72.20906285742173,-109.3779398284723,931.1588198470923,-1.5188198470923453,-0.019090968595423585,0.15963570587721493,0.0003644650819114496
7.81,214,12,882.39,14,226,0.9469026548672567,0.9919509447525154,0.12597975537836503,-59.595874147702425,-159.02586908974985,873.814285226495,8.575714773504956,-0.045048289885258774,0.45863274327850556,0.002029348421586308
9.3905,75,2,894.66,15,77,0.974025974025974,0.9969463099350945,0.105840223616441,-11.812186281367287,-33.145945810607785,820.3117253876769,74.34827461232305,-0.02292033590912046,0.04045131846039259,0.0005253417981869168
